player,player_id,position,team_name,player_game_count,avg_depth_of_target,avoided_tackles,caught_percent,contested_catch_rate,contested_receptions,contested_targets,declined_penalties,drop_rate,drops,first_downs,franchise_id,fumbles,grades_hands_drop,grades_hands_fumble,grades_offense,grades_pass_block,grades_pass_route,inline_rate,inline_snaps,interceptions,longest,pass_block_rate,pass_blocks,pass_plays,penalties,receptions,route_rate,routes,slot_rate,slot_snaps,targeted_qb_rating,targets,touchdowns,wide_rate,wide_snaps,yards,yards_after_catch,yards_after_catch_per_reception,yards_per_reception,yprr
Ja'Marr Chase,84270,WR,CIN,6,8.4,9,70.4,42.9,3,7,0,3.8,2,35,7,0,79.1,79.5,86.7,,86.1,0.0,0,1,63,0.0,0,259,0,50,96.1,249,24.7,64,101.6,71,3,74.5,193,556,286,5.7,11.1,2.23
Puka Nacua,100632,WR,LA,6,9.6,4,75.8,50.0,4,8,0,9.1,5,31,26,1,58.8,39.0,82.2,55.6,80.9,0.0,0,1,37,0.8,2,251,1,50,94.8,238,35.1,88,106.8,66,2,64.9,163,598,184,3.7,12.0,2.51
Stefon Diggs,9579,WR,BUF,6,11.3,4,76.6,45.5,5,11,0,2.0,1,31,4,1,86.6,79.3,85.7,,86.5,0.0,0,2,55,0.0,0,225,3,49,93.8,211,32.9,74,119.3,64,5,64.9,146,620,155,3.2,12.7,2.94
Davante Adams,8688,WR,LV,6,11.0,3,66.1,33.3,4,12,0,2.5,1,27,23,0,90.1,78.0,81.9,,82.2,0.0,0,2,32,0.0,0,224,0,39,93.8,210,16.1,36,93.3,59,3,83.5,187,471,113,2.9,12.1,2.24
Adam Thielen,8288,WR,CAR,6,8.1,1,83.1,33.3,1,3,0,0.0,0,33,5,0,90.5,79.3,84.3,28.5,86.1,0.0,0,0,30,0.4,1,268,1,49,92.5,248,72.4,194,125.2,59,4,27.2,73,509,177,3.6,10.4,2.05
A.J. Brown,48327,WR,PHI,6,14.1,7,72.4,50.0,7,14,0,2.3,1,32,24,0,84.3,78.6,91.0,,90.9,0.0,0,1,59,0.0,0,240,1,42,95.4,229,20.0,48,115.0,58,2,80.0,192,672,232,5.5,16.0,2.93
Michael Pittman Jr.,29049,WR,IND,6,8.6,1,70.2,50.0,5,10,0,2.4,1,17,14,1,83.0,29.9,67.7,66.3,69.2,1.9,5,3,40,0.4,1,261,3,40,93.9,245,24.5,64,74.2,57,1,73.6,192,406,185,4.6,10.2,1.66
Tyreek Hill,10799,WR,MIA,6,13.3,9,75.0,50.0,3,6,0,2.3,1,35,17,0,83.5,78.6,94.7,,94.9,1.2,2,1,69,0.0,0,168,2,42,96.4,162,33.9,57,144.9,56,6,63.7,107,814,329,7.8,19.4,5.02
Chris Olave,84355,WR,NO,6,15.1,0,59.3,40.0,4,10,0,0.0,0,22,20,0,88.3,76.8,78.7,,79.7,0.0,0,2,45,0.0,0,233,1,32,95.3,222,42.5,99,74.2,54,1,56.2,131,414,149,4.7,12.9,1.86
Marquise Brown,61568,WR,ARZ,6,13.0,3,53.7,27.3,3,11,0,6.5,2,21,1,0,67.5,76.7,72.1,,73.3,0.0,0,1,41,0.0,0,222,1,29,92.3,205,17.6,39,83.4,54,3,82.0,182,334,91,3.1,11.5,1.63
Garrett Wilson,97405,WR,NYJ,6,10.9,3,61.5,41.7,5,12,0,5.9,2,16,22,0,60.4,77.0,79.0,,77.2,0.0,0,3,68,0.0,0,221,0,32,94.6,209,27.6,61,71.7,52,2,72.4,160,369,117,3.7,11.5,1.77
Justin Jefferson,61398,WR,MIN,5,11.8,5,69.2,33.3,3,9,1,2.7,1,28,18,1,81.3,29.1,89.9,,89.5,0.0,0,0,52,0.0,0,213,1,36,93.4,199,31.5,67,124.8,52,3,68.1,145,571,186,5.2,15.9,2.87
Amon-Ra St. Brown,84470,WR,DET,5,7.7,7,80.9,87.5,7,8,0,2.6,1,23,11,1,81.8,29.8,86.6,65.6,87.0,0.0,0,2,39,0.6,1,180,1,38,95.6,172,53.3,96,110.5,47,3,46.1,83,455,167,4.4,12.0,2.65
Zay Flowers,97268,WR,BLT,6,8.5,8,74.5,25.0,1,4,1,5.4,2,15,3,0,71.4,79.1,71.7,,72.6,0.0,0,1,52,0.0,0,219,1,35,93.6,205,30.1,66,94.9,47,1,69.9,153,367,156,4.5,10.5,1.79
Christian Kirk,47546,WR,JAX,6,8.7,4,71.7,50.0,2,4,0,5.7,2,17,15,0,69.5,78.6,68.7,75.7,69.1,0.0,0,1,45,0.4,1,231,0,33,94.4,218,70.6,163,102.1,46,2,28.1,65,384,121,3.7,11.6,1.76
T.J. Hockenson,40912,TE,MIN,6,6.6,1,78.3,33.3,4,12,0,10.0,4,16,18,1,56.4,29.1,65.4,71.1,64.9,52.8,122,1,24,5.6,13,231,1,36,88.3,204,36.8,85,99.6,46,2,10.4,24,304,131,3.6,8.4,1.49
Travis Kelce,7844,TE,KC,5,7.0,5,78.3,40.0,4,10,1,5.3,2,17,16,0,73.2,77.9,83.1,69.4,89.1,24.7,39,1,40,4.4,7,158,4,36,91.1,144,55.1,87,110.7,46,3,19.0,30,346,149,4.1,9.6,2.4
Michael Thomas,10681,WR,NO,6,11.2,1,67.4,63.6,7,11,0,0.0,0,16,20,0,88.0,76.6,69.2,,69.2,0.0,0,1,26,0.0,0,225,1,31,97.3,219,30.2,68,79.0,46,0,69.8,157,329,60,1.9,10.6,1.5
DeVonta Smith,61100,WR,PHI,6,13.4,0,63.6,41.7,5,12,0,9.7,3,11,24,0,56.1,76.5,62.2,,62.7,0.0,0,3,63,0.0,0,254,0,28,95.7,243,28.3,72,73.5,44,2,70.5,179,334,72,2.6,11.9,1.37
Kendrick Bourne,12270,WR,NE,6,11.9,6,63.6,0.0,0,4,0,0.0,0,12,19,0,87.3,76.6,68.8,,71.2,0.0,0,3,36,0.0,0,194,2,28,95.9,186,30.9,60,70.9,44,2,69.1,134,307,149,5.3,11.0,1.65
DeAndre Hopkins,7808,WR,TEN,6,14.5,0,61.4,37.5,3,8,0,6.9,2,20,31,0,65.2,75.9,77.1,,76.7,0.0,0,3,38,0.0,0,186,1,27,90.9,169,22.6,42,60.4,44,0,75.8,141,376,68,2.5,13.9,2.22
Jakobi Meyers,47468,WR,LV,5,10.9,3,69.8,62.5,5,8,0,3.2,1,18,23,0,77.8,76.9,71.4,71.8,73.9,0.0,0,3,25,1.1,2,189,4,30,92.1,174,27.0,51,94.6,43,4,73.0,138,335,66,2.2,11.2,1.93
Keenan Allen,7857,WR,LAC,4,9.2,1,81.4,50.0,3,6,0,0.0,0,19,27,1,89.7,28.8,80.2,71.8,82.3,0.0,0,0,42,1.2,2,171,1,35,93.6,160,64.3,110,132.0,43,3,35.1,60,434,167,4.8,12.4,2.71
Calvin Ridley,48262,WR,JAX,6,13.3,1,60.5,25.0,2,8,0,13.3,4,17,15,1,46.5,27.6,64.3,,65.3,0.0,0,0,32,0.0,0,236,2,26,93.6,221,14.0,33,103.1,43,2,86.0,203,363,60,2.3,14.0,1.64
Terry McLaurin,48229,WR,WAS,6,11.1,2,72.1,55.6,5,9,0,0.0,0,18,32,0,88.0,76.6,72.0,,71.4,0.0,0,0,32,0.0,0,238,0,31,92.4,220,18.5,44,103.1,43,1,81.5,194,342,96,3.1,11.0,1.55
Drake London,86519,WR,ATL,6,10.9,1,60.5,53.3,8,15,0,3.7,1,18,2,0,74.9,75.9,76.6,,75.5,0.0,0,2,32,0.0,0,221,1,26,94.1,208,19.5,43,80.5,43,2,80.5,178,329,72,2.8,12.7,1.58
Sam LaPorta,101690,TE,DET,6,7.3,4,69.0,66.7,6,9,0,9.4,3,16,11,0,57.0,76.7,75.0,77.8,72.9,50.0,97,0,45,10.3,20,194,0,29,86.6,168,23.7,46,115.7,42,3,26.3,51,325,141,4.9,11.2,1.93
Nico Collins,61441,WR,HST,6,11.9,11,69.0,66.7,2,3,0,3.3,1,22,13,0,77.3,76.5,88.8,,87.3,0.0,0,0,52,0.0,0,192,0,29,94.8,182,18.8,36,135.5,42,3,81.3,156,547,246,8.5,18.9,3.01
Evan Engram,11778,TE,JAX,6,4.1,6,85.7,75.0,3,4,0,2.7,1,13,15,1,80.8,28.9,70.0,60.9,70.1,23.2,53,0,28,1.8,4,228,0,36,92.1,210,48.7,111,96.5,42,0,27.2,62,301,198,5.5,8.4,1.43
DJ Moore,48267,WR,CHI,6,14.4,7,78.0,69.2,9,13,0,3.0,1,24,6,0,78.4,76.8,88.3,,87.5,0.0,0,1,58,0.0,0,217,0,32,97.2,211,16.6,36,148.2,41,5,83.4,181,582,244,7.6,18.2,2.76
Tutu Atwell,77965,WR,LA,6,11.9,0,62.5,50.0,3,6,0,3.8,1,18,26,0,74.9,76.6,70.6,,69.1,0.0,0,1,44,0.0,0,243,0,25,95.9,233,46.1,112,92.6,40,2,53.9,131,309,74,3.0,12.4,1.33
Robert Woods,7822,WR,HST,6,10.2,1,55.0,41.7,5,12,1,15.4,4,15,13,0,40.2,79.8,63.7,36.3,63.5,0.5,1,0,25,0.5,1,198,1,22,93.9,186,48.5,96,79.9,40,1,48.0,95,227,59,2.7,10.3,1.22
Darren Waller,9637,TE,NYG,6,8.0,1,70.0,33.3,4,12,0,0.0,0,14,21,0,86.9,76.1,67.4,58.7,69.9,28.9,70,2,25,7.4,18,242,0,28,87.6,212,50.0,121,68.9,40,0,20.2,49,281,113,4.0,10.0,1.33
Mike Evans,8642,WR,TB,5,13.8,2,61.5,53.8,7,13,0,11.1,3,15,30,0,51.6,75.3,74.3,,76.1,0.0,0,1,70,0.0,0,144,2,24,95.1,137,25.7,37,109.6,39,3,74.3,107,386,111,4.6,16.1,2.82
George Pickens,99229,WR,PIT,5,13.6,1,56.4,18.2,2,11,1,0.0,0,14,25,1,84.9,25.6,73.5,,74.5,0.0,0,1,71,0.0,0,183,3,22,95.6,175,12.0,22,97.5,39,2,88.0,161,393,138,6.3,17.9,2.25
Tyler Boyd,10689,WR,CIN,6,5.7,3,76.9,33.3,2,6,0,3.2,1,9,7,0,77.8,76.6,62.1,66.2,61.1,0.0,0,1,14,0.4,1,242,1,30,95.9,232,90.1,218,85.8,39,1,9.9,24,204,90,3.0,6.8,0.88
Josh Downs,122832,WR,IND,6,6.8,2,73.7,60.0,3,5,0,0.0,0,12,14,0,88.3,76.8,68.7,,68.9,0.0,0,0,38,0.0,0,215,0,28,94.0,202,84.7,182,102.5,38,1,15.3,33,276,120,4.3,9.9,1.37
Zach Ertz,7816,TE,ARZ,6,7.1,0,63.2,42.9,3,7,0,11.1,3,7,1,0,41.6,75.3,52.0,29.4,52.6,31.1,56,2,17,1.7,3,180,0,24,92.2,166,57.8,104,60.0,38,1,11.1,20,168,47,2.0,7.0,1.01
Brandon Aiyuk,84109,WR,SF,5,15.1,2,69.4,40.0,2,5,0,3.8,1,22,28,0,64.1,75.7,92.2,69.0,92.1,0.0,0,1,42,0.7,1,137,0,25,90.5,124,21.9,30,119.0,36,2,78.1,107,454,107,4.3,18.2,3.66
Dallas Goedert,47272,TE,PHI,6,5.6,7,72.2,50.0,2,4,0,7.1,2,14,24,0,65.2,75.9,67.2,78.2,61.5,36.2,85,2,49,3.8,9,235,2,26,91.9,216,53.2,125,77.0,36,1,10.2,24,247,120,4.6,9.5,1.14
Kyle Pitts,83964,TE,ATL,6,11.9,0,61.1,36.4,4,11,0,0.0,0,13,2,0,84.9,75.1,67.2,69.6,71.4,13.3,26,1,34,1.0,2,195,1,22,94.9,185,61.5,120,79.7,36,1,25.1,49,251,41,1.9,11.4,1.36
Chris Godwin,11839,WR,TB,5,10.0,2,75.0,85.7,6,7,0,0.0,0,19,30,0,87.3,76.5,81.0,,82.1,0.0,0,2,42,0.0,0,170,0,27,94.1,160,30.6,52,79.9,36,0,69.4,118,332,125,4.6,12.3,2.08
Romeo Doubs,84329,WR,GB,5,11.6,0,60.0,44.4,4,9,0,4.5,1,14,12,0,71.3,74.6,72.2,,70.9,0.0,0,3,30,0.0,0,163,0,21,94.5,154,17.8,29,72.1,35,3,82.2,134,228,44,2.1,10.9,1.48
Amari Cooper,9437,WR,CLV,5,15.7,0,62.9,87.5,7,8,0,0.0,0,16,8,1,72.3,74.9,75.8,,75.1,0.0,0,2,58,0.0,0,184,1,22,92.9,171,22.8,42,83.9,35,1,76.6,141,367,66,3.0,16.7,2.15
Jaylen Waddle,84088,WR,MIA,5,9.5,1,68.6,33.3,2,6,0,7.7,2,16,17,0,63.2,75.8,80.4,,79.5,0.0,0,2,35,0.0,0,151,0,24,96.0,145,26.5,40,89.7,35,2,72.2,109,296,151,6.3,12.3,2.04
Courtland Sutton,48164,WR,DEN,6,10.7,1,71.4,62.5,5,8,0,7.4,2,13,10,2,64.1,19.3,69.3,,68.2,0.5,1,1,25,0.0,0,216,1,25,93.1,201,24.5,53,120.5,35,4,75.0,162,275,60,2.4,11.0,1.37
CeeDee Lamb,61570,WR,DAL,5,8.8,4,77.1,33.3,1,3,0,3.6,1,15,9,1,76.1,27.3,71.9,,75.0,0.0,0,0,49,0.0,0,171,2,27,94.2,161,70.8,121,118.5,35,1,28.1,48,358,143,5.3,13.3,2.22
Tyler Lockett,9502,WR,SEA,5,12.9,1,67.6,40.0,2,5,0,4.2,1,13,29,0,74.2,75.5,74.5,,74.1,0.0,0,0,36,0.0,0,180,0,23,91.1,164,37.2,67,108.8,34,2,62.8,113,251,59,2.6,10.9,1.53
Mark Andrews,47436,TE,BLT,5,8.4,5,70.6,50.0,3,6,0,14.3,4,15,3,0,41.6,75.6,71.1,71.0,72.1,11.7,21,0,38,3.9,7,180,0,24,92.2,166,81.7,147,126.3,34,3,6.1,11,294,104,4.3,12.3,1.77
Tee Higgins,61211,WR,CIN,5,12.0,1,41.2,18.2,2,11,1,17.6,3,9,7,0,38.1,73.0,57.3,,56.2,0.0,0,1,20,0.0,0,167,2,14,95.2,159,18.0,30,62.0,34,2,82.0,137,149,58,4.1,10.6,0.94
Dalton Schultz,47304,TE,HST,6,8.2,3,63.6,33.3,1,3,0,12.5,3,11,13,0,47.8,74.6,63.2,65.3,60.7,43.7,83,1,31,7.4,14,190,0,21,88.4,168,43.7,83,99.9,33,3,9.5,18,215,78,3.7,10.2,1.28
Elijah Moore,84302,WR,CLV,5,8.0,2,63.6,25.0,1,4,0,0.0,0,7,8,1,84.1,27.7,58.6,0.0,60.7,0.0,0,1,33,0.5,1,184,0,21,92.9,171,53.8,99,63.6,33,0,38.6,71,167,68,3.2,8.0,0.98
Jonnu Smith,11855,TE,ATL,6,7.4,6,78.1,100.0,3,3,1,7.4,2,14,2,1,63.2,25.9,61.4,82.8,66.6,25.9,45,1,33,10.3,18,174,3,25,84.5,147,58.6,102,100.8,32,1,11.5,20,282,141,5.6,11.3,1.92
Cole Kmet,60995,TE,CHI,6,6.3,2,78.1,0.0,0,3,0,0.0,0,14,6,1,85.7,26.5,69.1,40.9,72.5,41.4,77,1,23,12.4,23,186,0,25,84.9,158,46.2,86,116.1,32,3,10.2,19,240,114,4.6,9.6,1.52
Josh Jacobs,45953,HB,LV,6,1.4,7,78.1,33.3,1,3,0,0.0,0,10,23,0,85.7,89.2,66.1,54.1,77.1,0.0,0,1,21,24.4,40,164,0,25,72.6,119,4.3,7,80.9,32,0,3.7,6,209,188,7.5,8.4,1.76
Jordan Addison,123000,WR,MIN,6,13.1,2,68.8,50.0,3,6,0,0.0,0,12,18,0,84.5,74.9,64.0,,65.3,0.0,0,1,62,0.0,0,211,0,22,94.8,200,24.2,51,122.0,32,4,75.8,160,277,66,3.0,12.6,1.39
Bijan Robinson,123126,HB,ATL,6,-0.1,6,81.3,33.3,1,3,0,7.1,2,10,2,0,65.0,40.8,73.7,41.0,66.4,0.5,1,1,29,12.0,24,200,1,26,84.0,168,24.0,48,99.1,32,2,13.0,26,189,217,8.3,7.3,1.13
Curtis Samuel,11795,WR,WAS,6,7.4,2,87.1,66.7,4,6,0,0.0,0,13,32,0,86.5,77.3,73.3,61.6,72.4,0.5,1,2,37,0.5,1,204,0,27,91.7,187,72.1,147,99.6,31,2,26.0,53,285,99,3.7,10.6,1.52
Gabe Davis,55410,WR,BUF,6,15.5,3,70.0,71.4,5,7,0,8.7,2,16,4,1,60.3,25.3,70.3,72.0,73.0,0.5,1,2,40,0.9,2,212,0,21,93.4,198,18.4,39,119.6,30,4,80.2,170,341,66,3.1,16.2,1.72
K.J. Osborn,23503,WR,MIN,6,9.5,0,56.7,16.7,1,6,0,19.0,4,11,18,0,30.0,73.6,52.3,73.6,52.1,0.0,0,2,36,0.8,2,253,0,17,93.3,236,43.1,109,73.5,30,2,56.9,144,214,84,4.9,12.6,0.91
D.K. Metcalf,47864,WR,SEA,5,14.7,6,73.3,0.0,0,3,1,4.3,1,18,29,0,60.3,74.9,73.9,,78.4,0.0,0,1,34,0.0,0,175,5,22,91.4,160,17.7,31,118.3,30,2,82.3,144,337,77,3.5,15.3,2.11
Deebo Samuel,48274,WR,SF,6,7.5,10,66.7,33.3,2,6,0,0.0,0,12,28,1,84.1,29.3,76.5,76.9,79.1,0.0,0,0,42,2.0,3,153,1,20,91.5,140,29.4,45,110.7,30,1,64.1,98,302,156,7.8,15.1,2.16
Jerry Jeudy,61103,WR,DEN,5,12.9,5,69.0,50.0,1,2,0,4.8,1,11,10,0,71.3,74.6,65.4,,66.5,0.0,0,1,46,0.0,0,166,0,20,94.6,157,70.5,117,77.1,29,0,27.1,45,222,70,3.5,11.1,1.41
Tyler Higbee,10744,TE,LA,6,7.4,0,69.0,50.0,3,6,0,4.8,1,11,26,0,70.5,74.4,62.8,73.8,61.0,47.0,116,0,33,6.9,17,247,1,20,89.5,221,31.2,77,93.2,29,0,21.9,54,234,83,4.2,11.7,1.06
Hunter Henry,10669,TE,NE,6,9.3,0,64.3,57.1,4,7,0,10.0,2,11,19,0,55.6,73.9,64.8,82.0,67.8,37.4,71,1,21,2.6,5,190,2,18,92.6,176,55.3,105,91.8,28,2,6.8,13,183,43,2.4,10.2,1.04
Jonathan Mingo,97774,WR,CAR,5,10.8,2,53.6,42.9,3,7,0,6.3,1,7,5,0,66.7,73.3,56.6,62.3,56.2,0.0,0,1,22,0.5,1,186,1,15,91.9,171,30.6,57,51.6,28,0,69.4,129,133,33,2.2,8.9,0.78
Tank Dell,78874,WR,HST,5,12.5,2,67.9,50.0,2,4,0,5.0,1,13,13,0,71.5,79.6,77.2,,77.7,0.0,0,0,68,0.0,0,145,0,19,94.5,137,28.3,41,130.7,28,2,71.0,103,324,97,5.1,17.1,2.36
Jahan Dotson,84375,WR,WAS,6,9.9,1,60.7,50.0,1,2,1,10.5,2,7,32,0,55.6,73.9,53.7,,54.6,0.0,0,2,18,0.0,0,249,2,17,91.2,227,43.8,109,55.7,28,1,56.2,140,140,36,2.1,8.2,0.62
Jake Ferguson,61081,TE,DAL,5,4.9,8,74.1,50.0,3,6,0,13.0,3,9,9,0,47.8,74.6,75.9,78.5,70.6,58.9,76,0,21,9.3,12,129,1,20,85.3,110,31.0,40,103.2,27,1,8.5,11,175,101,5.1,8.8,1.59
Darius Slayton,25578,WR,NYG,6,14.6,4,63.0,0.0,0,4,0,0.0,0,11,21,0,82.2,73.6,65.9,,65.7,0.4,1,0,31,0.0,0,228,0,17,95.2,217,32.0,73,91.0,27,0,67.5,154,236,66,3.9,13.9,1.09
Rashee Rice,97605,WR,KC,6,6.3,4,77.8,0.0,0,1,0,4.5,1,13,16,0,71.3,75.0,81.8,,81.0,0.0,0,1,28,0.0,0,93,0,21,95.7,89,62.4,58,113.7,27,2,37.6,35,245,147,7.0,11.7,2.75
Josh Reynolds,11872,WR,DET,6,13.1,3,73.1,80.0,4,5,1,9.5,2,18,11,0,56.9,74.1,81.8,61.6,81.3,0.0,0,0,33,0.6,1,169,2,19,95.9,162,43.2,73,153.5,26,3,56.8,96,341,102,5.4,17.9,2.1
Alexander Mattison,45817,HB,MIN,6,0.7,2,69.2,,0,0,0,21.7,5,3,18,0,29.8,40.8,57.1,54.3,36.0,4.4,8,0,16,24.2,44,182,0,18,70.3,128,1.6,3,102.1,26,2,4.9,9,104,104,5.8,5.8,0.81
Christian McCaffrey,11763,HB,SF,6,0.8,2,88.5,0.0,0,1,0,0.0,0,13,28,1,84.9,51.4,83.1,23.2,88.9,3.8,6,0,19,11.9,19,159,0,23,79.9,127,17.6,28,120.7,26,2,8.8,14,177,169,7.3,7.7,1.39
D'Andre Swift,57212,HB,PHI,6,-0.3,5,88.5,0.0,0,1,0,4.2,1,4,24,1,72.8,64.7,70.4,24.8,52.9,0.0,0,1,11,12.2,18,147,1,23,83.7,123,9.5,14,81.9,26,1,10.2,15,115,137,6.0,5.0,0.93
Alvin Kamara,11822,HB,NO,3,-1.3,5,92.0,,0,0,0,0.0,0,4,20,0,85.3,84.5,70.1,63.9,72.6,0.0,0,0,15,21.6,21,97,0,23,72.2,70,8.2,8,81.0,25,0,4.1,4,86,121,5.3,3.7,1.23
DJ Chark Jr.,47702,WR,CAR,5,14.3,1,52.0,80.0,4,5,0,13.3,2,8,5,0,47.7,72.3,57.7,,58.6,0.0,0,0,47,0.0,0,210,0,13,92.4,194,21.0,44,104.9,25,2,79.0,166,197,41,3.2,15.2,1.02
Wan'Dale Robinson,101735,WR,NYG,4,3.4,2,88.0,50.0,1,2,1,0.0,0,10,21,0,84.5,75.6,67.3,,67.5,1.9,2,0,13,0.0,0,104,1,22,93.3,97,79.8,83,90.2,25,0,15.4,16,141,72,3.3,6.4,1.45
Mike Williams,11762,WR,LAC,3,12.4,4,76.0,71.4,5,7,0,0.0,0,9,27,0,83.2,74.5,74.6,,73.5,0.9,1,0,49,0.0,0,113,0,19,94.7,107,28.3,32,120.3,25,1,70.8,80,249,105,5.5,13.1,2.33
Tyler Conklin,47124,TE,NYJ,6,7.6,1,80.0,80.0,4,5,0,0.0,0,8,22,0,83.6,74.4,65.1,65.9,67.0,37.6,64,0,37,7.6,13,170,0,20,87.6,149,51.2,87,104.5,25,0,11.2,19,227,104,5.2,11.4,1.52
Logan Thomas,8755,TE,WAS,5,7.6,0,76.0,33.3,2,6,0,9.5,2,9,32,1,58.1,25.1,65.4,59.7,61.8,21.9,40,0,27,7.1,13,183,1,19,86.3,158,48.1,88,122.9,25,2,30.1,55,185,66,3.5,9.7,1.17
Allen Robinson II,8696,WR,PIT,5,6.7,1,68.0,60.0,3,5,0,0.0,0,4,25,0,82.2,73.6,56.2,68.0,55.2,2.4,4,0,31,1.2,2,170,0,17,94.1,160,72.4,123,81.6,25,0,25.3,43,137,35,2.1,8.1,0.86
Terrace Marshall Jr.,84271,WR,CAR,5,8.0,0,64.0,33.3,1,3,0,11.1,2,7,5,1,54.3,23.2,59.4,,58.7,0.0,0,1,14,0.0,0,146,1,16,94.5,138,26.0,38,57.4,25,0,74.0,108,112,45,2.8,7.0,0.81
Chigoziem Okonkwo,84000,TE,TEN,6,7.0,3,68.0,40.0,2,5,1,10.5,2,5,31,0,54.3,73.6,55.2,58.4,56.5,32.4,56,1,20,12.1,21,173,4,17,79.8,138,48.6,84,62.4,25,0,12.7,22,122,57,3.4,7.2,0.88
Jayden Reed,78171,WR,GB,5,13.6,0,52.0,0.0,0,5,0,13.3,2,9,12,0,52.8,79.5,66.0,62.4,66.8,0.0,0,0,44,0.8,1,133,1,13,92.5,123,73.7,98,107.1,25,2,26.3,35,210,67,5.2,16.2,1.71
Kylen Granson,40630,TE,IND,6,7.6,0,64.0,50.0,1,2,0,11.1,2,11,14,0,52.8,73.3,57.2,70.4,58.7,37.0,61,0,45,1.2,2,165,1,16,93.3,154,49.1,81,97.1,25,1,11.5,19,170,73,4.6,10.6,1.1
Rashid Shaheed,63707,WR,NO,6,18.4,2,64.0,66.7,2,3,0,5.9,1,12,20,0,67.0,51.9,70.1,,68.6,0.0,0,0,51,0.0,0,187,1,16,96.3,180,42.2,79,131.8,25,2,56.1,105,298,57,3.6,18.6,1.66
Jaylen Warren,98692,HB,PIT,5,-1.5,13,87.5,,0,0,0,4.5,1,7,25,0,71.3,43.2,61.3,17.1,72.6,2.1,2,0,30,16.5,16,97,0,21,79.4,77,5.2,5,95.5,24,0,4.1,4,166,204,9.7,7.9,2.16
George Kittle,11901,TE,SF,6,8.8,5,75.0,33.3,1,3,0,10.0,2,10,28,0,57.4,74.1,77.4,80.5,69.8,61.1,116,0,38,9.5,18,190,1,18,82.6,157,31.6,60,141.7,24,3,6.3,12,216,99,5.5,12.0,1.38
JuJu Smith-Schuster,11817,WR,NE,5,5.8,0,58.3,60.0,3,5,0,12.5,2,4,19,0,49.8,72.7,53.0,,53.9,0.0,0,1,15,0.0,0,103,1,14,94.2,97,52.4,54,48.3,24,0,47.6,49,86,33,2.4,6.1,0.89
Kadarius Toney,61245,WR,KC,6,2.3,7,70.8,0.0,0,1,0,10.5,2,8,16,1,54.3,25.5,62.5,,65.1,0.0,0,1,17,0.0,0,75,0,17,97.3,73,44.0,33,73.6,24,1,53.3,40,92,89,5.2,5.4,1.26
Dawson Knox,35883,TE,BUF,6,7.0,1,58.3,0.0,0,4,0,17.6,3,6,4,0,36.3,72.7,48.6,72.8,48.9,36.2,64,1,15,7.9,14,177,1,14,86.4,153,45.2,80,63.2,24,1,14.1,25,92,54,3.9,6.6,0.6
Parris Campbell,47940,WR,NYG,5,3.8,2,69.6,66.7,2,3,0,5.9,1,1,21,0,67.7,74.5,50.8,,50.2,0.8,1,2,17,0.0,0,118,0,16,92.4,109,79.7,94,39.2,23,0,18.6,22,85,43,2.7,5.3,0.78
Jaxon Smith-Njigba,129758,WR,SEA,5,4.2,2,69.6,0.0,0,2,0,11.1,2,4,29,0,52.8,73.3,56.0,,55.8,0.0,0,2,18,0.0,0,140,0,16,93.6,131,77.1,108,43.8,23,0,22.9,32,110,88,5.5,6.9,0.84
Michael Wilson,84423,WR,ARZ,6,15.9,1,78.3,57.1,4,7,0,5.3,1,14,1,0,69.0,73.9,71.0,68.1,71.1,0.0,0,0,69,0.5,1,185,1,18,93.5,173,28.1,52,147.7,23,2,71.9,133,317,78,4.3,17.6,1.83
Travis Etienne Jr.,57185,HB,JAX,6,-0.7,10,91.3,0.0,0,1,0,4.5,1,8,15,0,72.1,89.2,70.4,55.9,67.6,0.0,0,0,22,18.6,38,204,1,21,76.0,155,4.4,9,97.8,23,0,10.3,21,172,185,8.8,8.2,1.11
Luke Musgrave,98499,TE,GB,5,7.3,1,78.3,100.0,1,1,0,5.3,1,5,12,0,68.7,73.9,59.5,52.4,59.1,46.4,65,0,37,9.3,13,140,1,18,87.1,122,47.1,66,95.5,23,0,6.4,9,159,93,5.2,8.8,1.3
Allen Lazard,48135,WR,NYJ,6,13.5,1,60.9,50.0,4,8,0,17.6,3,12,22,0,36.0,72.7,60.5,74.9,60.5,0.5,1,0,39,1.0,2,208,2,14,93.3,194,18.8,39,105.3,23,1,80.8,168,210,35,2.5,15.0,1.08
Kyren Williams,97118,HB,LA,6,0.7,2,56.5,,0,0,0,18.8,3,5,26,0,33.8,67.9,74.4,58.9,41.9,0.0,0,1,20,16.3,38,233,1,13,80.7,188,6.0,14,65.3,23,1,6.0,14,109,134,10.3,8.4,0.58
DeVante Parker,9447,WR,NE,5,11.4,2,59.1,50.0,4,8,0,7.1,1,6,19,0,64.4,72.7,60.4,,59.3,0.0,0,1,22,0.0,0,174,0,13,96.0,167,10.9,19,58.1,22,0,89.1,155,136,40,3.1,10.5,0.81
Rondale Moore,62890,WR,ARZ,6,2.5,2,68.2,50.0,1,2,0,11.8,2,6,1,0,53.1,76.3,53.2,,51.0,0.0,0,0,31,0.0,0,174,0,15,92.5,161,69.5,121,79.9,22,0,21.8,38,111,92,6.1,7.4,0.69
Calvin Austin III,61418,WR,PIT,5,11.9,4,54.5,60.0,3,5,0,7.7,1,4,25,0,62.1,78.5,60.7,,59.3,0.0,0,1,72,0.0,0,144,0,12,95.8,138,26.4,38,70.8,22,1,73.6,106,143,57,4.8,11.9,1.04
Cooper Kupp,11824,WR,LA,2,11.6,4,68.2,66.7,2,3,0,0.0,0,12,26,0,81.1,73.0,89.2,,89.8,0.0,0,0,49,0.0,0,71,0,15,97.2,69,52.1,37,124.4,22,1,47.9,34,266,104,6.9,17.7,3.86
David Njoku,11784,TE,CLV,5,3.5,5,86.4,100.0,3,3,0,0.0,0,6,8,1,84.1,24.6,62.1,63.4,60.0,54.9,101,0,29,7.1,13,184,0,19,85.9,158,39.1,72,97.3,22,0,5.4,10,162,122,6.4,8.5,1.03
Nick Westbrook-Ikhine,47861,WR,TEN,6,9.0,2,72.7,16.7,1,6,1,5.9,1,8,31,0,54.5,73.6,61.5,78.2,64.4,0.0,0,0,24,4.1,7,172,2,16,88.4,152,53.5,92,124.8,22,2,46.5,80,168,75,4.7,10.5,1.11
Michael Gallup,26075,WR,DAL,5,10.8,2,68.2,25.0,2,8,0,6.3,1,7,9,0,65.6,73.0,61.9,,62.9,0.0,0,1,28,0.0,0,151,0,15,94.0,142,6.0,9,73.9,22,0,94.0,142,179,84,5.6,11.9,1.26
Rhamondre Stevenson,98689,HB,NE,6,-0.1,4,77.3,100.0,1,1,0,10.5,2,4,19,0,54.3,86.7,67.9,90.5,46.5,0.0,0,0,32,15.7,26,166,0,17,81.9,136,10.2,17,87.5,22,0,10.2,17,111,118,6.9,6.5,0.82
Alec Pierce,78038,WR,IND,6,15.9,0,50.0,40.0,4,10,0,0.0,0,9,14,0,78.7,71.5,55.4,,55.1,0.0,0,0,38,0.0,0,233,2,11,93.6,218,9.4,22,72.0,22,0,90.6,211,149,20,1.8,13.5,0.68
Tony Pollard,27126,HB,DAL,5,0.0,1,90.5,50.0,1,2,0,0.0,0,5,9,1,83.2,39.0,65.4,73.8,58.7,0.0,0,0,26,21.3,30,141,0,19,74.5,105,4.3,6,85.7,21,0,5.7,8,96,98,5.2,5.1,0.91
Hayden Hurst,47294,TE,CAR,6,7.6,1,66.7,50.0,2,4,0,0.0,0,6,5,0,81.1,73.0,47.6,74.6,57.2,35.2,64,1,16,1.1,2,182,2,14,90.7,165,45.6,83,76.7,21,1,18.7,34,116,40,2.9,8.3,0.7
Miles Sanders,40555,HB,CAR,5,0.8,6,71.4,0.0,0,1,0,6.3,1,4,5,0,67.7,29.6,55.5,31.6,75.7,0.0,0,0,14,10.9,14,128,0,15,82.8,106,3.1,4,77.7,21,0,11.7,15,81,89,5.9,5.4,0.76
Braxton Berrios,47961,WR,MIA,6,9.0,0,81.0,50.0,1,2,0,5.6,1,12,17,0,67.7,83.2,70.1,65.3,70.5,0.0,0,1,22,0.9,1,117,1,17,95.7,112,61.5,72,98.2,21,1,38.5,45,179,55,3.2,10.5,1.6
Joshua Palmer,62979,WR,LAC,4,14.9,1,52.4,60.0,3,5,0,8.3,1,4,27,1,60.2,20.4,55.7,,55.7,0.0,0,1,51,0.0,0,128,0,11,96.9,124,29.7,38,73.5,21,1,70.3,90,160,36,3.3,14.5,1.29
Mack Hollins,11873,WR,ATL,6,14.6,0,57.1,50.0,2,4,0,0.0,0,7,2,0,79.4,71.9,62.8,66.1,63.0,0.7,1,0,45,0.7,1,135,0,12,95.6,129,27.4,37,86.2,21,0,71.9,97,184,30,2.5,15.3,1.43
Tyjae Spears,97195,HB,TEN,6,1.1,9,75.0,0.0,0,1,0,0.0,0,5,31,0,81.7,82.5,74.7,86.8,72.8,2.2,3,0,48,18.7,25,134,1,15,73.1,98,9.0,12,87.7,20,0,10.4,14,111,124,8.3,7.4,1.13
Skyy Moore,97116,WR,KC,6,9.7,2,55.0,50.0,1,2,0,0.0,0,7,16,0,79.4,73.5,60.6,,61.5,1.3,2,2,54,0.0,0,156,0,11,96.2,150,39.1,61,55.2,20,1,59.0,92,145,54,4.9,13.2,0.97
Mike Gesicki,47153,TE,NE,6,9.3,0,75.0,50.0,2,4,0,0.0,0,7,19,0,81.7,73.3,67.3,70.3,68.4,11.0,15,0,18,1.5,2,136,0,15,94.1,128,75.0,102,94.4,20,0,14.0,19,143,57,3.8,9.5,1.12
Joe Mixon,11803,HB,CIN,6,-2.4,2,80.0,,0,0,1,11.1,2,2,7,0,52.8,88.1,63.4,45.8,56.0,0.0,0,0,32,16.9,30,177,2,16,79.1,140,5.1,9,88.3,20,0,6.2,11,104,143,8.9,6.5,0.74
Nelson Agholor,9453,WR,BLT,6,13.3,2,80.0,75.0,3,4,1,5.9,1,10,3,1,66.7,26.3,66.9,36.3,67.7,3.0,4,0,30,0.7,1,135,1,16,93.3,126,63.7,86,127.1,20,1,33.3,45,210,58,3.6,13.1,1.67
Brandin Cooks,8655,WR,DAL,4,12.6,2,47.4,20.0,1,5,0,0.0,0,6,9,1,77.3,23.5,56.4,,57.1,0.0,0,3,16,0.0,0,118,0,9,94.9,112,28.8,34,18.0,19,0,71.2,84,73,12,1.3,8.1,0.65
Raheem Mostert,9783,HB,MIA,6,-1.1,10,94.7,100.0,2,2,0,0.0,0,5,17,2,82.7,26.6,89.5,75.2,61.0,0.8,1,0,22,7.5,10,133,0,18,88.7,118,16.5,22,133.6,19,2,13.5,18,145,167,9.3,8.1,1.23
Isiah Pacheco,83747,HB,KC,6,-1.8,5,89.5,,0,0,0,0.0,0,4,16,0,82.2,87.3,78.0,42.3,71.3,0.8,1,0,33,17.1,21,123,0,17,79.7,98,1.6,2,96.3,19,0,5.7,7,135,172,10.1,7.9,1.38
Samaje Perine,11869,HB,DEN,6,-0.3,9,94.4,,0,0,0,0.0,0,7,10,1,82.2,33.0,56.2,42.0,59.7,0.8,1,0,29,14.3,17,119,0,17,79.8,95,5.9,7,109.3,18,0,8.4,10,184,184,10.8,10.8,1.94
Dalton Kincaid,91791,TE,BUF,5,4.2,3,94.4,0.0,0,1,0,0.0,0,4,4,0,82.2,73.6,56.6,70.2,58.1,21.8,31,0,14,0.7,1,142,3,17,93.7,133,56.3,80,94.0,18,0,21.1,30,118,59,3.5,6.9,0.89
Van Jefferson,47447,WR,ATL,6,19.4,0,47.1,25.0,1,4,0,20.0,2,4,2,0,38.4,71.3,51.1,,53.1,0.0,0,3,46,0.0,0,187,1,8,94.7,177,48.1,90,28.7,17,0,51.9,97,110,9,1.1,13.8,0.62
Jahmyr Gibbs,122474,HB,DET,4,1.0,0,82.4,100.0,1,1,0,12.5,2,4,11,0,49.6,82.4,62.1,15.6,60.7,0.0,0,1,10,5.8,4,69,0,14,88.4,61,15.9,11,59.3,17,0,17.4,12,70,56,4.0,5.0,1.15
Demario Douglas,104155,WR,NE,5,12.2,1,58.8,33.3,1,3,0,9.1,1,6,19,1,58.9,25.3,69.1,,69.4,0.0,0,0,42,0.0,0,63,0,10,100.0,63,84.1,53,86.2,17,0,14.3,9,143,58,5.8,14.3,2.27
Rachaad White,131633,HB,TB,5,-1.4,7,94.1,0.0,0,1,0,0.0,0,3,30,1,81.7,58.9,71.1,66.9,53.6,0.0,0,0,16,15.5,25,161,0,16,80.7,130,7.5,12,90.7,17,0,9.9,16,98,134,8.4,6.1,0.75
Kalif Raymond,11028,WR,DET,6,12.1,3,82.4,0.0,0,2,0,0.0,0,8,11,0,80.6,83.2,78.5,,76.3,0.0,0,0,36,0.0,0,86,0,14,98.8,85,51.2,44,132.1,17,1,46.5,40,187,48,3.4,13.4,2.2
Zay Jones,11792,WR,JAX,3,13.3,0,47.1,50.0,2,4,0,11.1,1,4,15,0,54.5,70.1,61.3,66.2,62.8,0.0,0,0,18,1.1,1,93,0,8,94.6,88,35.5,33,99.6,17,2,64.5,60,78,11,1.4,9.8,0.89
James Cook,83666,HB,BUF,6,1.8,2,82.4,0.0,0,1,0,6.7,1,5,4,0,64.7,86.2,71.3,16.5,54.1,0.0,0,0,48,11.8,16,136,0,14,85.3,116,10.3,14,101.0,17,0,8.8,12,140,138,9.9,10.0,1.21
Antonio Gibson,78050,HB,WAS,6,1.1,5,76.5,100.0,1,1,0,7.1,1,7,32,1,63.2,18.0,55.3,69.0,56.5,0.0,0,1,41,15.3,25,163,0,13,79.1,129,3.1,5,93.5,17,1,6.1,10,133,113,8.7,10.2,1.03
Justin Watson,66915,WR,KC,6,23.6,0,58.8,75.0,3,4,0,9.1,1,7,16,1,58.5,19.8,63.2,,65.1,0.0,0,1,37,0.0,0,136,0,10,94.1,128,31.6,43,78.7,17,0,67.6,92,219,19,1.9,21.9,1.71
Zack Moss,40341,HB,IND,5,0.3,3,82.4,,0,0,0,17.6,3,5,14,0,37.9,87.9,66.6,58.5,47.4,0.0,0,0,26,22.7,35,154,0,14,70.1,108,3.9,6,113.2,17,1,4.5,7,110,103,7.4,7.9,1.02
Cade Otton,61071,TE,TB,5,5.8,2,76.5,33.3,1,3,0,7.1,1,4,30,0,64.4,72.7,47.4,47.2,51.7,44.6,82,0,16,12.0,22,184,1,13,83.2,153,35.3,65,110.9,17,1,15.8,29,104,51,3.9,8.0,0.68
Noah Gray,60878,TE,KC,6,7.9,6,70.6,0.0,0,3,0,0.0,0,6,16,0,80.0,72.9,62.2,70.8,64.4,32.3,52,1,34,6.2,10,161,0,12,88.8,143,41.6,67,92.0,17,1,24.8,40,147,85,7.1,12.3,1.03
Darnell Mooney,48236,WR,CHI,6,12.7,1,58.8,50.0,1,2,1,9.1,1,7,6,0,58.5,71.1,57.6,,60.0,0.0,0,1,39,0.0,0,172,1,10,97.1,167,70.9,122,83.5,17,1,27.3,47,152,58,5.8,15.2,0.91
Saquon Barkley,45791,HB,NYG,3,-0.4,2,81.3,0.0,0,1,0,7.1,1,5,21,0,63.2,83.9,70.1,71.6,67.6,0.9,1,2,10,17.9,19,106,0,13,78.3,83,4.7,5,60.4,16,1,11.3,12,47,64,4.9,3.6,0.57
Jerick McKinnon,8731,HB,KC,6,0.4,3,75.0,,0,0,0,14.3,2,5,16,0,45.7,75.2,60.7,53.9,61.1,5.6,6,0,15,13.1,14,107,0,12,79.4,85,4.7,5,127.9,16,2,0.9,1,91,108,9.0,7.6,1.07
Adam Trautman,109795,TE,DEN,6,5.9,0,62.5,0.0,0,3,1,0.0,0,3,10,0,78.0,71.1,44.5,44.9,45.3,46.9,90,1,15,10.9,21,192,2,10,83.9,161,33.3,64,65.6,16,1,19.8,38,64,30,3.0,6.4,0.4
Breece Hall,97636,HB,NYJ,6,-0.2,4,81.3,100.0,1,1,0,13.3,2,4,22,0,47.7,29.8,71.4,54.1,58.1,0.0,0,0,25,13.0,12,92,0,13,82.6,76,2.2,2,96.1,16,0,6.5,6,113,113,8.7,8.7,1.49
Odell Beckham Jr.,8647,WR,BLT,4,11.3,2,60.0,75.0,3,4,0,0.0,0,5,3,0,78.0,71.1,65.4,,65.1,0.0,0,1,32,0.0,0,110,1,9,90.0,99,6.4,7,55.7,15,0,93.6,103,113,35,3.9,12.6,1.14
Jerome Ford,83601,HB,CLV,5,2.9,0,80.0,100.0,1,1,0,14.3,2,4,8,0,47.7,57.5,66.5,45.2,54.6,3.5,4,0,19,12.3,14,114,0,12,80.7,92,9.6,11,129.6,15,2,9.6,11,84,51,4.3,7.0,0.91
Rashod Bateman,84296,WR,BLT,5,9.7,0,66.7,0.0,0,1,1,9.1,1,3,3,0,58.5,71.1,51.6,,53.1,0.9,1,1,18,0.0,0,106,1,10,95.3,101,17.0,18,52.6,15,0,82.1,87,82,16,1.6,8.2,0.81
Deven Thompkins,84480,WR,TB,5,7.7,2,66.7,0.0,0,2,0,0.0,0,4,30,0,78.0,29.2,66.4,,66.0,1.4,1,0,26,0.0,0,70,1,10,95.7,67,64.3,45,96.2,15,1,34.3,24,59,40,4.0,5.9,0.88
Trey Palmer,99248,WR,TB,5,16.2,0,53.3,33.3,1,3,0,0.0,0,6,30,0,76.5,70.1,59.6,,61.6,0.8,1,0,26,0.0,0,120,1,8,93.3,112,57.5,69,110.8,15,2,41.7,50,89,11,1.4,11.1,0.79
Gerald Everett,11799,TE,LAC,4,2.8,8,92.9,,0,0,0,0.0,0,8,27,1,80.0,22.0,71.6,69.9,72.6,56.7,55,0,29,13.4,13,97,0,13,84.5,82,27.8,27,98.5,14,0,11.3,11,107,75,5.8,8.2,1.3
Deonte Harty,91470,WR,BUF,6,6.9,1,85.7,0.0,0,1,0,0.0,0,6,4,0,79.4,82.0,68.7,,70.5,0.0,0,1,43,0.0,0,68,0,12,92.6,63,55.9,38,91.4,14,1,36.8,25,103,64,5.3,8.6,1.63
Ezekiel Elliott,10638,HB,NE,6,-1.0,1,92.9,,0,0,0,0.0,0,1,19,1,80.6,49.9,71.7,64.3,58.0,1.1,1,0,15,18.9,17,90,0,13,77.8,70,13.3,12,84.2,14,0,4.4,4,59,78,6.0,4.5,0.84
Chuba Hubbard,57373,HB,CAR,6,-1.6,2,92.9,,0,0,0,0.0,0,3,5,0,80.0,84.0,71.9,43.3,58.0,0.0,0,0,12,23.3,34,146,0,13,71.9,105,0.0,0,84.2,14,0,2.7,4,59,80,6.2,4.5,0.56
Dontayvion Wicks,99711,WR,GB,5,12.4,2,50.0,33.3,1,3,0,0.0,0,5,12,0,75.6,69.5,61.9,,62.8,1.0,1,0,32,0.0,0,103,2,7,96.1,99,28.2,29,95.8,14,1,70.9,73,95,29,4.1,13.6,0.96
Durham Smythe,47257,TE,MIA,6,6.4,0,78.6,0.0,0,2,0,0.0,0,6,17,0,79.4,20.9,50.9,53.6,46.8,40.4,76,0,22,12.8,24,188,0,11,84.6,159,44.7,84,103.3,14,0,13.3,25,123,56,5.1,11.2,0.77
Donovan Peoples-Jones,61439,WR,CLV,5,12.4,0,42.9,100.0,1,1,0,0.0,0,3,8,0,74.6,80.4,51.6,67.8,51.9,0.0,0,1,29,0.5,1,182,1,6,92.3,168,31.9,58,30.4,14,0,68.1,124,75,20,3.3,12.5,0.45
Khalil Herbert,41668,HB,CHI,5,0.1,4,71.4,100.0,1,1,0,0.0,0,6,6,1,78.7,49.7,79.3,85.4,63.8,1.0,1,1,23,16.3,17,104,0,10,80.8,84,6.7,7,80.7,14,1,1.9,2,84,91,9.1,8.4,1.0
Trey McBride,75916,TE,ARZ,6,7.6,1,85.7,66.7,2,3,0,0.0,0,7,1,0,79.4,71.9,68.1,50.6,72.6,60.2,50,0,27,7.2,6,83,2,12,85.5,71,26.5,22,108.6,14,0,6.0,5,141,64,5.3,11.8,1.99
Isaiah Hodgins,52130,WR,NYG,6,8.1,0,71.4,33.3,1,3,0,0.0,0,5,21,1,78.0,19.8,57.4,73.5,56.9,0.0,0,0,24,1.5,2,132,0,10,92.4,122,17.4,23,117.3,14,1,82.6,109,107,43,4.3,10.7,0.88
Treylon Burks,99218,WR,TEN,3,16.5,0,46.2,33.3,1,3,0,33.3,3,2,31,0,28.4,70.3,50.9,,50.3,0.0,0,0,70,0.0,0,84,1,6,92.9,78,36.9,31,72.3,13,0,63.1,53,99,29,4.8,16.5,1.27
Taysom Hill,12112,TE,NO,6,6.3,1,84.6,50.0,1,2,0,0.0,0,0,20,0,78.7,80.0,63.6,56.1,52.6,23.5,24,0,11,2.9,3,102,0,11,84.3,86,37.3,38,87.5,13,0,26.5,27,65,31,2.8,5.9,0.76
Pat Freiermuth,84085,TE,PIT,4,6.6,2,61.5,33.3,1,3,0,0.0,0,4,25,0,76.5,70.1,54.0,74.0,56.4,67.6,73,0,14,4.6,5,108,1,8,89.8,97,28.7,31,109.9,13,2,3.7,4,53,31,3.9,6.6,0.55
Javonte Williams,77803,HB,DEN,5,-0.8,2,84.6,,0,0,0,0.0,0,1,10,0,78.7,83.4,64.6,35.3,71.8,1.8,1,0,17,17.9,10,56,0,11,80.4,45,0.0,0,83.0,13,0,0.0,0,51,67,6.1,4.6,1.13
Chase Claypool,42312,WR,MIA,3,14.0,1,33.3,0.0,0,4,0,20.0,1,3,17,0,41.6,67.0,53.3,61.6,56.0,0.0,0,2,20,1.1,1,94,1,4,95.7,90,19.1,18,35.8,12,1,80.9,76,51,5,1.3,12.8,0.57
Brian Robinson,57120,HB,WAS,6,-2.4,3,91.7,,0,0,0,8.3,1,5,32,0,61.8,59.8,72.7,38.3,74.2,0.9,1,0,24,17.0,19,112,0,11,75.9,85,4.5,5,145.5,12,2,0.9,1,113,138,12.5,10.3,1.33
Colby Parkinson,52266,TE,SEA,5,7.1,1,75.0,0.0,0,1,1,0.0,0,5,29,0,58.5,72.0,62.2,82.7,56.3,47.9,45,0,21,16.0,15,94,4,9,77.7,73,27.7,26,101.4,12,0,12.8,12,106,54,6.0,11.8,1.45
Noah Fant,42388,TE,SEA,5,7.4,2,91.7,,0,0,0,0.0,0,6,29,0,78.7,71.5,74.6,69.0,78.7,50.5,49,0,51,10.3,10,97,1,11,80.4,78,28.9,28,118.8,12,0,13.4,13,169,86,7.8,15.4,2.17
Dameon Pierce,83659,HB,HST,6,0.1,1,75.0,0.0,0,1,0,0.0,0,2,13,0,78.0,87.8,72.4,85.0,70.7,0.0,0,0,27,16.7,16,96,0,9,79.2,76,9.4,9,93.8,12,0,8.3,8,84,86,9.6,9.3,1.11
Randall Cobb,6216,WR,NYJ,6,6.5,0,25.0,0.0,0,2,0,40.0,2,2,22,0,28.6,69.0,46.5,,48.8,0.0,0,1,12,0.0,0,135,0,3,95.6,129,75.6,102,4.9,12,0,24.4,33,20,12,4.0,6.7,0.16
Marvin Mims Jr.,122937,WR,DEN,6,20.6,3,83.3,66.7,2,3,0,0.0,0,6,10,0,78.7,80.3,77.3,,78.5,0.0,0,0,60,0.0,0,64,0,10,90.6,58,25.0,16,146.5,12,1,73.4,47,246,77,7.7,24.6,4.24
Brandon Johnson,40666,WR,DEN,6,12.9,1,66.7,33.3,1,3,0,11.1,1,5,10,0,35.3,70.1,55.9,,57.2,0.0,0,0,50,0.0,0,123,3,8,93.5,115,18.7,23,139.6,12,3,81.3,100,122,34,4.3,15.3,1.06
Kenneth Gainwell,77737,HB,PHI,5,3.8,2,75.0,,0,0,0,10.0,1,2,24,0,56.7,42.7,49.2,29.1,47.9,1.0,1,0,8,16.3,16,98,0,9,80.6,79,5.1,5,79.5,12,0,19.4,19,43,42,4.7,4.8,0.54
Cole Turner,84330,TE,WAS,6,8.2,1,66.7,75.0,3,4,0,11.1,1,3,32,0,54.5,70.1,62.4,69.7,60.2,23.0,14,0,21,1.6,1,61,0,8,90.2,55,45.9,28,86.1,12,0,31.1,19,82,29,3.6,10.3,1.49
Jauan Jennings,48027,WR,SF,5,13.2,0,58.3,25.0,1,4,0,0.0,0,6,28,0,75.6,69.5,70.5,69.6,66.9,0.0,0,0,31,2.2,2,91,1,7,87.9,80,60.4,55,94.8,12,0,39.6,36,127,27,3.9,18.1,1.59
Marquez Valdes-Scantling,47809,WR,KC,6,17.1,1,58.3,50.0,1,2,0,0.0,0,5,16,0,76.5,70.1,54.0,,55.4,0.0,0,0,37,0.0,0,193,1,7,94.3,182,34.7,67,91.0,12,0,65.3,126,116,21,3.0,16.6,0.64
Roschon Johnson,99467,HB,CHI,5,0.2,1,91.7,,0,0,1,8.3,1,1,6,0,60.2,79.7,69.0,41.6,57.2,4.5,3,0,8,20.9,14,67,1,11,76.1,51,6.0,4,86.8,12,0,7.5,5,58,62,5.6,5.3,1.14
Michael Carter,57337,HB,NYJ,6,1.8,1,75.0,100.0,1,1,0,18.2,2,2,22,0,38.4,74.0,50.4,44.7,38.1,8.2,7,1,10,23.5,20,85,1,9,74.1,63,0.0,0,45.1,12,0,3.5,3,44,33,3.7,4.9,0.7
Juwan Johnson,28305,TE,NO,3,5.8,0,58.3,0.0,0,2,0,0.0,0,1,20,0,75.6,69.5,52.0,72.9,52.3,18.5,17,1,27,3.3,3,92,0,7,93.5,86,60.9,56,37.2,12,0,18.5,17,61,35,5.0,8.7,0.71
Trenton Irwin,48080,WR,CIN,5,9.5,0,81.8,,0,0,0,0.0,0,5,7,1,77.3,17.2,55.5,,54.6,0.0,0,1,17,0.0,0,89,0,9,95.5,85,34.8,31,58.0,11,0,65.2,58,77,31,3.4,8.6,0.91
Derrick Henry,10679,HB,TEN,6,-3.8,1,100.0,,0,0,0,0.0,0,2,31,0,78.7,88.2,84.3,86.0,77.9,0.0,0,0,46,20.2,18,89,0,11,71.9,64,4.5,4,111.0,11,0,2.2,2,117,159,14.5,10.6,1.83
Matt Breida,12271,HB,NYG,6,0.2,2,90.9,100.0,1,1,0,0.0,0,2,21,1,78.0,38.0,57.9,76.8,44.6,2.3,3,0,22,19.4,25,129,0,10,73.6,95,3.1,4,85.2,11,0,7.8,10,49,48,4.8,4.9,0.52
Irv Smith Jr.,42060,TE,CIN,4,6.2,1,54.5,0.0,0,1,0,25.0,2,1,7,0,29.8,68.8,39.2,70.6,36.9,45.5,55,0,8,1.7,2,121,0,6,95.0,115,28.9,35,60.0,11,0,24.0,29,32,12,2.0,5.3,0.28
Brandon Powell,48036,WR,MIN,3,8.5,0,72.7,0.0,0,2,0,11.1,1,4,18,0,54.9,29.2,59.8,,63.8,0.0,0,0,26,0.0,0,48,0,8,95.8,46,56.3,27,88.4,11,0,43.8,21,68,14,1.8,8.5,1.48
Christian Watson,66581,WR,GB,2,20.5,0,45.5,0.0,0,4,0,16.7,1,3,12,0,45.8,69.1,62.0,,61.7,1.9,1,3,77,0.0,0,52,0,5,94.2,49,19.2,10,74.6,11,1,78.8,41,116,57,11.4,23.2,2.37
Dyami Brown,77986,WR,WAS,6,17.0,0,54.5,0.0,0,2,0,0.0,0,3,32,0,74.6,68.8,60.1,,59.6,0.0,0,1,35,0.0,0,83,1,6,92.8,77,31.3,26,42.6,11,0,68.7,57,87,41,6.8,14.5,1.13
Kenneth Walker III,97199,HB,SEA,5,0.2,8,100.0,,0,0,0,0.0,0,5,29,0,78.7,86.7,75.4,45.7,66.4,2.6,3,0,36,21.6,25,116,2,11,69.8,81,6.0,7,104.5,11,0,13.8,16,100,98,8.9,9.1,1.23
Michael Mayer,122906,TE,LV,6,8.4,3,72.7,50.0,1,2,1,11.1,1,6,23,0,57.0,70.6,61.2,70.6,68.2,60.4,67,1,32,15.3,17,111,2,8,80.2,89,24.3,27,68.8,11,0,14.4,16,116,61,7.6,14.5,1.3
Quentin Johnston,123085,WR,LAC,4,10.6,0,54.5,0.0,0,3,0,0.0,0,3,27,0,74.6,68.8,60.3,,59.8,0.0,0,0,18,0.0,0,61,0,6,98.4,60,26.2,16,64.2,11,0,73.8,45,44,19,3.2,7.3,0.73
Andrew Ogletree,138351,TE,IND,5,10.4,2,63.6,33.3,1,3,0,0.0,0,6,14,0,75.6,69.5,74.7,79.3,74.4,73.1,49,0,22,14.9,10,67,0,7,79.1,53,22.4,15,121.4,11,1,4.5,3,95,28,4.0,13.6,1.79
Josh Oliver,47083,TE,MIN,6,3.5,1,80.0,50.0,1,2,0,11.1,1,4,18,1,54.5,18.5,85.3,62.0,57.7,93.4,71,0,18,39.5,30,76,1,8,57.9,44,5.3,4,126.7,10,1,1.3,1,64,48,6.0,8.0,1.45
Patrick Taylor,40448,HB,GB,4,0.3,1,50.0,0.0,0,1,1,0.0,0,3,12,0,73.4,75.5,56.7,83.7,58.5,14.5,8,0,12,10.9,6,55,1,5,87.3,48,0.0,0,56.3,10,0,12.7,7,28,25,5.0,5.6,0.58
Jaleel McLaughlin,138346,HB,DEN,6,-2.5,1,90.0,,0,0,0,0.0,0,2,10,0,78.0,80.7,80.5,15.7,66.0,0.0,0,0,22,6.4,3,47,0,9,87.2,41,6.4,3,130.4,10,2,14.9,7,58,89,9.9,6.4,1.41
De'Von Achane,124305,HB,MIA,4,-1.3,4,90.0,,0,0,0,0.0,0,5,17,0,77.3,40.5,93.6,,73.0,0.0,0,0,17,0.0,0,58,0,9,98.3,57,29.3,17,134.2,10,2,6.9,4,67,94,10.4,7.4,1.18
Justice Hill,45865,HB,BLT,5,-3.6,4,100.0,100.0,1,1,0,0.0,0,1,3,1,78.7,41.0,63.3,53.3,51.8,0.0,0,0,10,30.0,27,90,0,10,63.3,57,7.8,7,79.2,10,0,3.3,3,25,61,6.1,2.5,0.44
Salvon Ahmed,57472,HB,MIA,4,1.0,0,66.7,0.0,0,2,0,0.0,0,2,17,0,49.2,75.7,68.1,77.9,56.8,0.0,0,1,19,4.8,2,42,0,6,88.1,37,33.3,14,36.1,9,0,4.8,2,39,49,8.2,6.5,1.05
Dalvin Cook,11796,HB,NYJ,6,-2.8,1,100.0,,0,0,0,0.0,0,1,22,0,77.3,40.5,56.5,83.4,62.9,7.5,4,0,15,20.8,11,53,0,9,73.6,39,3.8,2,88.0,9,0,5.7,3,46,71,7.9,5.1,1.18
John Bates,42275,TE,WAS,6,7.4,0,88.9,100.0,1,1,0,11.1,1,2,32,0,54.5,70.1,56.0,78.7,51.6,61.2,52,0,35,21.2,18,85,2,8,71.8,61,30.6,26,105.1,9,0,7.1,6,83,21,2.6,10.4,1.36
Connor Heyward,57301,TE,PIT,5,8.9,0,55.6,0.0,0,1,0,0.0,0,2,25,0,73.4,69.1,61.1,76.6,65.6,66.7,34,1,12,11.8,6,51,0,5,84.3,43,23.5,12,28.2,9,0,5.9,3,42,10,2.0,8.4,0.98
Noah Brown,11993,WR,HST,2,3.8,0,55.6,0.0,0,1,0,0.0,0,1,13,0,74.6,68.8,56.6,66.9,55.8,1.4,1,0,34,1.4,1,69,0,5,91.3,63,55.1,38,74.8,9,0,43.5,30,57,49,9.8,11.4,0.9
Austin Hooper,10715,TE,LV,6,5.9,1,88.9,100.0,1,1,0,0.0,0,3,23,0,76.5,70.1,56.0,73.8,55.6,60.0,78,0,20,10.8,14,130,0,8,83.1,108,30.0,39,104.2,9,0,10.0,13,81,32,4.0,10.1,0.75
Chris Moore,10741,WR,TEN,6,22.3,0,55.6,66.7,2,3,0,0.0,0,4,31,1,73.4,16.3,57.1,68.1,57.2,0.0,0,1,49,1.1,1,95,0,5,88.4,84,25.3,24,60.9,9,0,74.7,71,140,22,4.4,28.0,1.67
James Conner,11860,HB,ARZ,5,-2.0,2,88.9,100.0,1,1,0,0.0,0,2,1,0,76.5,85.5,85.5,90.9,58.1,0.0,0,0,11,26.7,28,105,0,8,67.6,71,2.9,3,80.6,9,0,8.6,9,30,52,6.5,3.8,0.42
Marvin Jones Jr.,7158,WR,DET,6,7.4,0,55.6,,0,0,0,16.7,1,2,11,1,45.8,16.0,43.8,72.7,44.3,0.0,0,0,16,2.0,2,101,0,5,92.1,93,26.7,27,64.1,9,0,73.3,74,34,9,1.8,6.8,0.37
David Montgomery,45719,HB,DET,5,-1.6,2,66.7,0.0,0,1,0,14.3,1,4,11,0,52.1,39.9,69.6,68.1,62.8,0.0,0,0,19,26.3,26,99,1,6,71.7,71,2.0,2,88.2,9,0,8.1,8,66,84,14.0,11.0,0.93
Tyler Allgeier,83639,HB,ATL,6,-1.0,3,66.7,100.0,1,1,0,0.0,0,2,2,0,75.6,86.0,72.2,86.3,71.6,0.0,0,0,16,25.4,18,71,0,6,70.4,50,0.0,0,72.5,9,0,0.0,0,32,39,6.5,5.3,0.64
Samori Toure,25276,WR,GB,5,22.3,0,44.4,25.0,1,4,0,0.0,0,3,12,0,73.4,68.0,65.1,,66.0,6.9,4,0,35,0.0,0,58,1,4,93.1,54,32.8,19,66.4,9,0,60.3,35,59,6,1.5,14.8,1.09
Ameer Abdullah,9487,HB,LV,6,4.3,0,66.7,0.0,0,1,0,0.0,0,2,23,0,75.6,70.3,53.1,12.2,66.3,1.7,1,2,13,18.6,11,59,0,6,74.6,44,5.1,3,39.4,9,0,1.7,1,46,31,5.2,7.7,1.05
Hunter Renfrow,47509,WR,LV,6,8.6,0,66.7,,0,0,0,14.3,1,3,23,0,49.2,70.1,47.9,,49.0,0.0,0,0,23,0.0,0,106,0,6,96.2,102,90.6,96,85.0,9,0,9.4,10,59,10,1.7,9.8,0.58
Emari Demercado,77763,HB,ARZ,6,3.2,0,77.8,0.0,0,1,0,0.0,0,2,1,0,75.6,77.1,66.4,79.5,52.0,0.0,0,0,13,20.4,21,103,0,7,76.7,79,6.8,7,88.0,9,0,6.8,7,46,42,6.0,6.6,0.58
Jalen Tolbert,61637,WR,DAL,5,11.8,2,77.8,100.0,2,2,0,0.0,0,4,9,0,75.6,69.5,62.3,,62.3,0.0,0,0,18,0.0,0,66,0,7,95.5,63,31.8,21,99.5,9,0,68.2,45,71,16,2.3,10.1,1.13
Jalin Hyatt,124282,WR,NYG,6,18.4,0,77.8,100.0,1,1,0,12.5,1,3,21,0,54.5,70.1,61.9,,60.5,0.0,0,0,58,0.0,0,140,0,7,95.0,133,11.4,16,118.8,9,0,88.6,124,120,16,2.3,17.1,0.9
Tyler Scott,123578,WR,CHI,6,8.9,1,55.6,0.0,0,2,0,16.7,1,2,6,0,45.8,73.7,55.6,,57.2,0.0,0,0,9,0.0,0,63,1,5,96.8,61,23.8,15,63.2,9,0,76.2,48,32,11,2.2,6.4,0.52
River Cracraft,47417,WR,MIA,3,10.8,0,75.0,0.0,0,1,0,14.3,1,6,17,0,49.2,68.8,73.1,,71.8,0.0,0,0,24,0.0,0,37,0,6,94.6,35,21.6,8,149.5,8,1,78.4,29,87,33,5.5,14.5,2.49
Latavius Murray,7962,HB,BUF,6,0.1,1,87.5,,0,0,0,0.0,0,4,4,0,75.6,80.4,74.4,83.9,74.8,1.3,1,0,22,13.0,10,77,0,7,81.8,63,16.9,13,92.2,8,0,9.1,7,49,50,7.1,7.0,0.78
Kendre Miller,123091,HB,NO,4,-0.8,1,87.5,,0,0,0,12.5,1,4,20,0,52.1,79.5,67.2,27.4,67.2,0.0,0,0,33,15.4,6,39,0,7,84.6,33,0.0,0,103.6,8,0,5.1,2,71,80,11.4,10.1,2.15
Zach Charbonnet,97630,HB,SEA,5,-1.3,1,75.0,0.0,0,1,0,14.3,1,1,29,0,74.6,79.1,75.6,85.8,59.1,1.6,1,0,10,19.0,12,63,0,6,81.0,51,6.3,4,83.3,8,0,6.3,4,36,49,8.2,6.0,0.71
Ty Montgomery,9527,WR,NE,5,10.5,0,50.0,66.7,2,3,0,0.0,0,2,19,0,72.1,74.2,64.9,,65.1,0.0,0,1,11,0.0,0,20,1,4,100.0,20,75.0,15,16.7,8,0,15.0,3,23,18,4.5,5.8,1.15
Donald Parham Jr.,91014,TE,LAC,4,9.3,0,75.0,66.7,2,3,0,0.0,0,5,27,0,74.6,68.8,58.0,71.8,62.2,56.6,43,0,16,15.8,12,76,1,6,76.3,58,34.2,26,121.4,8,3,9.2,7,33,14,2.3,5.5,0.57
Najee Harris,57121,HB,PIT,5,3.1,3,62.5,0.0,0,1,0,16.7,1,1,25,0,45.8,53.1,62.6,60.8,46.3,3.5,3,0,32,10.5,9,86,0,5,87.2,75,4.7,4,73.4,8,0,4.7,4,37,32,6.4,7.4,0.49
Trent Sherfield,48021,WR,BUF,6,10.0,2,62.5,0.0,0,2,0,0.0,0,1,4,0,73.4,68.0,56.7,65.4,57.8,0.0,0,0,9,1.6,1,64,0,5,90.6,58,46.9,30,74.5,8,0,51.6,33,39,34,6.8,7.8,0.67
Robert Tonyan,12193,TE,CHI,6,5.1,0,62.5,,0,0,0,0.0,0,2,6,0,73.4,68.0,47.0,30.0,55.6,40.4,21,1,11,3.8,2,52,0,5,94.2,49,46.2,24,34.9,8,0,9.6,5,39,27,5.4,7.8,0.8
Laviska Shenault Jr.,61220,WR,CAR,6,-4.0,1,100.0,,0,0,0,0.0,0,2,5,0,76.5,77.9,67.9,,67.5,0.0,0,0,14,0.0,0,47,0,7,91.5,43,36.2,17,92.3,7,0,42.6,20,43,71,10.1,6.1,1.0
Foster Moreau,47043,TE,NO,4,4.0,1,100.0,,0,0,0,0.0,0,4,20,0,75.6,69.5,63.4,69.3,66.1,60.0,33,0,17,20.0,11,55,2,7,78.2,43,27.3,15,141.4,7,1,10.9,6,59,31,4.4,8.4,1.37
David Bell,97989,WR,CLV,5,5.0,0,57.1,,0,0,0,33.3,2,3,8,0,28.6,67.0,58.7,,58.5,10.7,3,1,14,0.0,0,28,0,4,92.9,26,67.9,19,29.8,7,0,17.9,5,33,20,5.0,8.3,1.27
Marquise Goodwin,7859,WR,CLV,5,28.0,0,28.6,0.0,0,1,0,33.3,1,0,8,0,29.9,67.8,46.1,,44.8,0.0,0,0,4,0.0,0,31,0,2,93.5,29,22.6,7,39.6,7,0,77.4,24,4,2,1.0,2.0,0.14
Jonathan Taylor,57488,HB,IND,2,-0.9,1,85.7,100.0,1,1,0,0.0,0,2,14,0,74.6,76.3,64.0,79.8,83.5,0.0,0,0,40,10.3,3,29,0,6,89.7,26,6.9,2,103.6,7,0,13.8,4,62,70,11.7,10.3,2.38
Isaiah McKenzie,11927,WR,IND,6,-0.1,3,71.4,0.0,0,1,0,16.7,1,2,14,0,45.8,82.0,65.7,,69.6,0.0,0,0,12,0.0,0,16,0,5,100.0,16,43.8,7,84.8,7,0,31.3,5,39,55,11.0,7.8,2.44
Devin Singletary,40485,HB,HST,6,-0.9,0,71.4,,0,0,0,16.7,1,2,13,0,45.8,82.7,55.4,65.9,43.5,0.0,0,0,11,12.4,12,97,0,5,80.4,78,13.4,13,78.9,7,0,11.3,11,29,32,6.4,5.8,0.37
Josiah Deguara,47034,TE,GB,5,2.7,0,100.0,100.0,1,1,1,0.0,0,3,12,0,75.6,69.5,55.7,50.5,61.1,30.4,17,0,19,17.9,10,56,1,7,76.8,43,50.0,28,101.2,7,0,5.4,3,58,39,5.6,8.3,1.35
Devin Duvernay,40006,WR,BLT,6,12.0,0,28.6,0.0,0,3,0,0.0,0,0,3,0,68.3,84.4,53.6,,49.8,0.0,0,0,10,0.0,0,55,0,2,94.5,52,45.5,25,39.6,7,0,54.5,30,8,4,2.0,4.0,0.15
Zach Pascal,12303,WR,ARZ,6,7.1,1,57.1,50.0,1,2,0,0.0,0,1,1,0,72.1,67.0,56.6,,56.5,0.0,0,0,9,0.0,0,40,0,4,87.5,35,25.0,10,62.2,7,0,75.0,30,19,14,3.5,4.8,0.54
Olamide Zaccheaus,44920,WR,PHI,6,15.6,0,57.1,33.3,1,3,0,20.0,1,3,24,0,45.8,68.0,51.9,,53.2,0.0,0,0,34,0.0,0,140,0,4,97.1,136,70.0,98,133.3,7,1,30.0,42,74,16,4.0,18.5,0.54
John Metchie III,97400,WR,HST,5,8.4,1,85.7,,0,0,1,14.3,1,4,13,0,49.7,68.8,66.5,,66.0,0.0,0,0,22,0.0,0,45,1,6,97.8,44,44.4,20,109.5,7,0,55.6,25,72,29,4.8,12.0,1.64
Aaron Jones,11937,HB,GB,2,-1.2,1,50.0,,0,0,0,40.0,2,2,12,0,28.7,76.0,65.0,,43.4,10.3,3,0,51,0.0,0,29,0,3,96.6,28,6.9,2,135.4,6,1,10.3,3,82,85,28.3,27.3,2.93
Harrison Bryant,26394,TE,CLV,5,3.3,0,50.0,0.0,0,1,0,0.0,0,1,8,0,70.5,69.7,59.2,80.4,53.1,49.0,25,1,3,13.7,7,51,0,3,78.4,40,23.5,12,56.3,6,1,3.9,2,7,4,1.3,2.3,0.18
Justyn Ross,78021,WR,KC,6,8.3,0,50.0,33.3,1,3,0,40.0,2,1,16,0,28.0,65.8,44.5,,48.8,0.0,0,0,20,0.0,0,36,0,3,88.9,32,11.1,4,67.4,6,0,88.9,32,34,5,1.7,11.3,1.06
Tanner Hudson,66924,TE,CIN,2,7.0,0,66.7,100.0,1,1,0,0.0,0,2,7,0,72.1,67.0,59.6,,55.2,32.7,17,0,26,0.0,0,52,0,4,94.2,49,40.4,21,91.0,6,0,26.9,14,48,16,4.0,12.0,0.98
Will Dissly,30762,TE,SEA,4,1.3,5,100.0,100.0,1,1,0,0.0,0,3,29,0,74.6,68.8,74.7,75.1,68.7,61.5,40,0,16,21.5,14,65,1,6,75.4,49,16.9,11,105.6,6,0,4.6,3,56,48,8.0,9.3,1.14
Cedrick Wilson Jr.,48170,WR,MIA,4,7.5,1,83.3,0.0,0,1,0,0.0,0,3,17,0,73.4,69.7,58.1,,62.4,0.0,0,0,23,0.0,0,45,0,5,93.3,42,42.2,19,113.9,6,0,57.8,26,68,28,5.6,13.6,1.62
Kyle Juszczyk,7912,FB,SF,6,2.0,0,100.0,,0,0,0,0.0,0,3,28,0,74.6,71.3,58.1,54.3,55.9,35.1,33,0,9,10.6,10,94,0,6,84.0,79,22.3,21,133.3,6,1,20.2,19,39,27,4.5,6.5,0.49
Jameson Williams,101701,WR,DET,2,12.2,0,66.7,100.0,1,1,0,33.3,2,1,11,0,28.7,67.0,54.5,,54.7,0.0,0,0,45,0.0,0,24,0,4,100.0,24,37.5,9,135.4,6,1,62.5,15,55,7,1.8,13.8,2.29
Brenton Strange,101694,TE,JAX,6,7.5,1,66.7,,0,0,1,0.0,0,2,15,0,72.1,67.0,44.3,67.4,57.9,48.4,30,0,17,27.4,17,62,4,4,64.5,40,41.9,26,120.8,6,1,8.1,5,34,28,7.0,8.5,0.85
Gary Brightwell,57133,HB,NYG,3,-1.2,3,83.3,,0,0,0,16.7,1,2,21,0,45.8,74.3,64.4,,72.1,3.4,1,0,18,0.0,0,29,0,5,93.1,27,6.9,2,99.3,6,0,0.0,0,47,55,11.0,9.4,1.74
AJ Dillon,57165,HB,GB,5,-0.5,1,50.0,,0,0,0,25.0,1,1,12,0,36.2,84.5,65.5,50.8,51.9,3.7,4,0,12,15.9,17,107,0,3,80.4,86,1.9,2,61.1,6,0,4.7,5,25,28,9.3,8.3,0.29
Deon Jackson,57189,HB,IND,1,-1.3,0,83.3,,0,0,0,16.7,1,0,14,1,45.8,17.8,28.4,6.0,28.6,0.0,0,0,8,9.4,3,32,0,5,90.6,29,0.0,0,79.2,6,0,6.3,2,14,22,4.4,2.8,0.48
C.J. Uzomah,9590,TE,NYJ,6,14.2,0,66.7,50.0,1,2,0,0.0,0,3,22,0,73.4,68.0,67.6,42.6,60.8,66.3,53,0,9,13.8,11,80,0,4,78.8,63,22.5,18,112.5,6,1,11.3,9,22,11,2.8,5.5,0.35
Clyde Edwards-Helaire,57279,HB,KC,6,-3.5,2,100.0,,0,0,0,0.0,0,2,16,0,74.6,80.1,62.6,70.6,68.2,0.0,0,0,10,4.8,2,42,0,6,92.9,39,4.8,2,91.7,6,0,4.8,2,36,57,9.5,6.0,0.92
Kareem Hunt,11841,HB,CLV,3,-1.8,0,83.3,,0,0,0,0.0,0,2,8,0,73.4,78.6,73.9,63.3,70.9,10.0,3,0,13,20.0,6,30,0,5,80.0,24,0.0,0,98.6,6,0,0.0,0,46,53,10.6,9.2,1.92
Brock Wright,60994,TE,DET,6,3.0,0,100.0,,0,0,0,0.0,0,0,11,0,74.6,68.8,37.2,69.5,45.9,61.1,55,0,9,27.8,25,90,0,6,72.2,65,14.4,13,94.4,6,0,23.3,21,40,22,3.7,6.7,0.62
Jamal Agnew,11920,WR,JAX,4,9.7,0,83.3,100.0,1,1,0,0.0,0,4,15,1,73.4,28.6,50.2,,54.7,0.0,0,1,15,0.0,0,73,2,5,97.3,71,52.1,38,66.0,6,0,47.9,35,56,11,2.2,11.2,0.79
Rico Dowdle,40693,HB,DAL,5,-1.7,6,83.3,0.0,0,1,0,0.0,0,2,9,0,73.4,79.7,73.8,17.9,86.1,0.0,0,0,17,8.0,2,25,0,5,88.0,22,4.0,1,141.0,6,1,0.0,0,50,62,12.4,10.0,2.27
Diontae Johnson,33441,WR,PIT,1,12.5,0,50.0,,0,0,0,0.0,0,2,25,0,70.5,65.8,71.4,,70.0,0.0,0,1,26,0.0,0,24,0,3,95.8,23,20.8,5,37.5,6,0,79.2,19,48,26,8.7,16.0,2.09
KaVontae Turpin,47658,WR,DAL,5,6.2,0,83.3,,0,0,0,16.7,1,4,9,0,45.8,28.5,75.5,66.2,79.9,0.0,0,0,26,3.7,1,27,0,5,96.3,26,81.5,22,141.7,6,1,14.8,4,51,13,2.6,10.2,1.96
Mo Alie-Cox,12078,TE,IND,6,12.4,2,60.0,100.0,1,1,0,0.0,0,3,14,0,70.5,65.8,66.8,39.4,68.5,77.0,47,1,35,27.9,17,61,0,3,68.9,42,16.4,10,104.2,5,1,3.3,2,67,38,12.7,22.3,1.6
Tony Jones Jr.,40498,HB,ARZ,4,0.6,0,80.0,,0,0,0,0.0,0,1,1,0,72.1,78.2,64.1,59.8,56.6,0.0,0,0,10,25.0,15,60,0,4,73.3,44,0.0,0,84.2,5,0,6.7,4,21,22,5.5,5.3,0.48
KhaDarel Hodge,26104,WR,ATL,6,10.0,1,80.0,,0,0,0,20.0,1,4,2,0,41.6,16.1,53.9,,57.9,0.0,0,0,15,0.0,0,62,0,4,95.2,59,16.1,10,104.2,5,0,83.9,52,45,15,3.8,11.3,0.76
Cam Akers,57206,HB,MIN,4,-0.4,1,100.0,100.0,1,1,0,0.0,0,0,18,0,74.6,80.6,69.6,82.2,76.1,2.9,1,0,9,32.4,11,34,0,5,58.8,20,0.0,0,84.2,5,0,2.9,1,21,23,4.6,4.2,1.05
Lil'Jordan Humphrey,42247,WR,DEN,6,9.2,0,80.0,,0,0,0,0.0,0,2,10,0,72.1,67.0,54.1,32.3,55.1,3.0,2,0,11,3.0,2,66,0,4,84.8,56,71.2,47,127.9,5,1,25.8,17,26,8,2.0,6.5,0.46
Austin Ekeler,12164,HB,LAC,1,3.6,0,80.0,,0,0,0,0.0,0,2,27,0,72.1,76.6,74.8,,66.5,0.0,0,0,35,0.0,0,24,0,4,100.0,24,4.2,1,105.8,5,0,12.5,3,47,44,11.0,11.8,1.96
Byron Pringle,42345,WR,WAS,5,14.6,0,60.0,50.0,1,2,0,0.0,0,1,32,0,70.5,65.8,59.8,,60.5,3.3,1,0,15,0.0,0,30,1,3,100.0,30,43.3,13,76.3,5,0,53.3,16,29,1,0.3,9.7,0.97
Ray-Ray McCloud III,47895,WR,SF,6,2.6,0,80.0,,0,0,0,0.0,0,2,28,0,72.1,83.0,62.0,,57.2,0.0,0,0,14,0.0,0,68,0,4,86.8,59,32.4,22,89.2,5,0,66.2,45,27,8,2.0,6.8,0.46
Deuce Vaughn,122624,HB,DAL,4,-0.8,0,100.0,,0,0,0,0.0,0,1,9,0,73.4,78.6,43.8,19.4,66.9,0.0,0,0,11,22.7,5,22,0,5,77.3,17,4.5,1,82.5,5,0,9.1,2,19,23,4.6,3.8,1.12
Khalil Shakir,84140,WR,BUF,6,8.2,0,80.0,0.0,0,1,0,0.0,0,3,4,0,73.4,72.7,77.4,,70.8,2.9,1,0,13,0.0,0,34,0,4,91.2,31,79.4,27,139.6,5,1,17.6,6,40,25,6.3,10.0,1.29
Trayveon Williams,45775,HB,CIN,6,-3.4,0,80.0,0.0,0,1,0,0.0,0,0,7,0,72.1,73.5,59.8,85.7,55.7,5.7,3,0,5,24.5,13,53,0,4,71.7,38,0.0,0,79.2,5,0,0.0,0,7,24,6.0,1.8,0.18
Luke Schoonmaker,84005,TE,DAL,5,10.0,0,20.0,0.0,0,1,0,66.7,2,0,9,0,26.4,61.2,43.0,59.0,35.0,73.2,30,0,1,26.8,11,41,0,1,73.2,30,22.0,9,79.2,5,1,2.4,1,1,0,0.0,1.0,0.03
Brevin Jordan,77887,TE,HST,5,4.8,0,100.0,,0,0,0,0.0,0,4,13,0,73.4,68.0,76.5,71.3,77.1,48.1,13,0,16,7.4,2,27,1,5,88.9,24,40.7,11,148.8,5,1,11.1,3,51,32,6.4,10.2,2.13
Quez Watkins,61664,WR,PHI,3,2.0,0,80.0,,0,0,0,0.0,0,1,24,0,72.1,68.7,51.9,,52.2,0.0,0,0,9,0.0,0,71,0,4,93.0,66,85.9,61,84.2,5,0,14.1,10,21,26,6.5,5.3,0.32
Tim Jones,61669,WR,JAX,5,6.0,0,60.0,,0,0,0,0.0,0,0,15,0,70.5,65.8,48.6,,46.7,3.4,2,0,6,0.0,0,59,0,3,98.3,58,37.3,22,64.6,5,0,59.3,35,10,4,1.3,3.3,0.17
Ben Skowronek,27948,WR,LA,6,7.6,0,40.0,0.0,0,1,0,0.0,0,1,26,0,68.3,66.2,59.5,62.3,56.6,0.0,0,0,10,3.1,1,32,0,2,93.8,30,59.4,19,47.9,5,0,40.6,13,13,13,6.5,6.5,0.43
Ty Chandler,62942,HB,MIN,3,-1.4,0,80.0,0.0,0,1,0,0.0,0,1,18,0,72.1,75.4,59.6,21.0,66.1,4.3,1,0,18,21.7,5,23,0,4,78.3,18,8.7,2,92.5,5,0,0.0,0,31,43,10.8,7.8,1.72
Jake Bobo,77997,WR,SEA,5,9.6,0,80.0,100.0,2,2,0,0.0,0,3,29,0,72.1,68.7,72.8,59.8,68.9,1.9,1,0,23,3.8,2,52,0,4,92.3,48,26.9,14,148.8,5,1,69.2,36,51,16,4.0,12.8,1.06
Sterling Shepard,10674,WR,NYG,5,5.6,0,60.0,0.0,0,1,0,25.0,1,2,21,0,36.2,65.8,51.2,,53.8,0.0,0,0,13,0.0,0,35,0,3,88.6,31,34.3,12,71.3,5,0,65.7,23,23,8,2.7,7.7,0.74
Ronnie Bell,84288,WR,SF,5,7.8,0,75.0,66.7,2,3,0,25.0,1,2,28,0,36.8,65.8,67.0,,62.2,0.0,0,0,15,0.0,0,29,0,3,96.6,28,20.7,6,136.5,4,1,79.3,23,31,11,3.7,10.3,1.11
Jordan Akins,47050,TE,CLV,5,6.3,1,75.0,,0,0,0,0.0,0,1,8,0,70.5,65.8,51.0,47.8,58.7,57.7,15,0,12,7.7,2,26,0,3,92.3,24,26.9,7,85.4,4,0,15.4,4,20,17,5.7,6.7,0.83
Keith Kirkwood,48017,WR,NO,6,12.5,0,25.0,,0,0,0,0.0,0,0,20,0,64.7,61.2,45.7,,47.1,5.3,2,0,1,0.0,0,38,1,1,84.2,32,57.9,22,39.6,4,0,36.8,14,1,0,0.0,1.0,0.03
Nick Chubb,45783,HB,CLV,2,0.3,0,100.0,,0,0,0,0.0,0,1,8,0,72.1,79.9,81.6,25.8,65.4,4.5,1,0,10,27.3,6,22,0,4,72.7,16,4.5,1,88.5,4,0,9.1,2,21,20,5.0,5.3,1.31
Luke Farrell,42353,TE,JAX,6,1.3,2,100.0,,0,0,0,0.0,0,2,15,0,73.4,68.0,58.0,51.5,68.1,80.0,52,0,16,27.7,18,65,0,4,66.2,43,15.4,10,97.9,4,0,3.1,2,30,25,6.3,7.5,0.7
Josh Whyle,54037,TE,TEN,6,8.8,0,100.0,100.0,1,1,0,0.0,0,4,31,0,72.1,67.0,67.6,77.6,88.2,60.0,18,0,24,33.3,10,30,1,4,60.0,18,33.3,10,152.1,4,1,0.0,0,44,15,3.8,11.0,2.44
DeeJay Dallas,55632,HB,SEA,5,1.0,0,75.0,,0,0,0,0.0,0,1,29,0,70.5,82.4,63.9,40.7,69.9,9.7,3,0,14,32.3,10,31,0,3,51.6,16,0.0,0,77.1,4,0,16.1,5,11,9,3.0,3.7,0.69
Ronnie Rivers,57208,HB,LA,4,-3.0,0,100.0,,0,0,0,0.0,0,0,26,0,73.4,77.8,78.4,80.0,61.9,0.0,0,0,10,25.0,6,24,0,4,66.7,16,8.3,2,85.4,4,0,8.3,2,18,30,7.5,4.5,1.13
Elijah Mitchell,57272,HB,SF,3,-4.5,0,75.0,,0,0,0,25.0,1,0,28,0,36.2,77.0,49.1,57.6,45.2,0.0,0,0,9,13.6,3,22,0,3,86.4,19,4.5,1,77.1,4,0,4.5,1,2,12,4.0,0.7,0.11
Ian Thomas,42130,TE,CAR,5,7.3,1,50.0,0.0,0,1,0,0.0,0,1,5,0,68.3,64.0,57.8,28.5,58.7,80.9,38,1,28,14.9,7,47,1,2,80.9,38,10.6,5,41.7,4,0,6.4,3,36,15,7.5,18.0,0.95
Mike Boone,31615,HB,HST,5,-2.3,1,75.0,,0,0,0,25.0,1,1,13,0,36.2,17.4,33.2,11.7,44.3,0.0,0,0,12,20.0,9,45,0,3,73.3,33,26.7,12,83.3,4,0,6.7,3,18,23,7.7,6.0,0.55
Derius Davis,78196,WR,LAC,4,-5.0,2,100.0,,0,0,0,0.0,0,0,27,0,72.1,78.5,68.3,,65.9,0.0,0,0,11,0.0,0,16,0,4,100.0,16,56.3,9,91.7,4,0,18.8,3,24,44,11.0,6.0,1.5
Isaiah Likely,83955,TE,BLT,6,7.3,0,75.0,,0,0,0,25.0,1,1,3,0,36.2,67.9,42.7,54.0,44.6,56.7,34,0,20,6.7,4,60,0,3,83.3,50,40.0,24,97.9,4,0,3.3,2,32,11,3.7,10.7,0.64
Tommy Tremble,84025,TE,CAR,6,6.0,3,100.0,100.0,1,1,0,0.0,0,2,5,0,73.4,68.0,57.6,32.6,62.1,44.3,31,0,21,7.1,5,70,1,4,88.6,62,42.9,30,149.0,4,1,11.4,8,41,21,5.3,10.3,0.66
Jeremy Ruckert,84029,TE,NYJ,5,5.0,0,100.0,100.0,1,1,1,0.0,0,2,22,0,72.1,67.0,71.4,67.1,67.4,58.8,20,0,23,2.9,1,34,1,4,91.2,31,26.5,9,104.2,4,0,14.7,5,36,16,4.0,9.0,1.16
Daniel Bellinger,84041,TE,NYG,6,1.3,0,100.0,,0,0,0,0.0,0,0,21,0,72.1,67.0,53.5,64.9,45.3,71.6,68,0,8,42.1,40,95,1,4,55.8,53,7.4,7,89.6,4,0,7.4,7,22,17,4.3,5.5,0.42
Greg Dulcich,84068,TE,DEN,2,6.3,0,75.0,,0,0,0,0.0,0,2,10,0,70.5,65.8,66.8,83.7,67.8,33.3,8,1,13,12.5,3,24,0,3,83.3,20,54.2,13,51.0,4,0,8.3,2,25,4,1.3,8.3,1.25
D'Onta Foreman,11844,HB,CHI,2,0.0,0,75.0,,0,0,0,0.0,0,1,6,0,70.5,26.0,65.3,22.2,59.6,0.0,0,0,5,22.2,8,36,0,3,75.0,27,8.3,3,77.1,4,0,8.3,3,10,10,3.3,3.3,0.37
Nate Adkins,87625,TE,DEN,4,-0.5,0,75.0,,0,0,0,0.0,0,1,10,0,70.5,65.8,66.2,65.5,71.8,57.1,8,0,11,7.1,1,14,0,3,85.7,12,14.3,2,84.4,4,0,0.0,0,19,18,6.0,6.3,1.58
C.J. Ham,11347,FB,MIN,6,0.8,1,75.0,,0,0,0,25.0,1,1,18,0,36.2,65.8,54.2,60.7,43.7,18.6,11,0,7,33.9,20,59,0,3,61.0,36,6.8,4,79.2,4,0,8.5,5,14,13,4.3,4.7,0.39
Craig Reynolds,94383,HB,DET,4,-3.3,1,75.0,,0,0,0,0.0,0,1,11,0,70.5,79.3,74.5,25.2,71.4,0.0,0,0,28,11.5,6,52,0,3,88.5,46,5.8,3,91.7,4,0,7.7,4,26,35,11.7,8.7,0.57
DeAndre Carter,9859,WR,LV,6,3.5,0,50.0,,0,0,0,33.3,1,0,23,0,29.9,79.8,45.7,,46.7,0.0,0,0,16,0.0,0,32,0,2,93.8,30,68.8,22,65.6,4,0,31.3,10,21,26,13.0,10.5,0.7
MyCole Pruitt,9576,TE,ATL,6,4.0,1,75.0,,0,0,0,0.0,0,2,2,0,70.5,65.8,60.4,56.5,78.2,76.7,46,0,22,55.0,33,60,0,3,38.3,23,16.7,10,107.3,4,0,1.7,1,41,34,11.3,13.7,1.78
Tre Tucker,101106,WR,LV,5,26.8,0,50.0,0.0,0,1,0,0.0,0,1,23,0,68.3,69.0,58.3,,55.7,0.0,0,0,48,0.0,0,57,1,2,89.5,51,35.1,20,95.8,4,0,64.9,37,57,9,4.5,28.5,1.12
Kayshon Boutte,124087,WR,NE,1,23.3,0,0.0,0.0,0,1,0,,0,0,19,0,,,45.2,,43.9,0.0,0,0,0,0.0,0,45,0,0,95.6,43,2.2,1,39.6,4,0,97.8,44,0,0,,,0.0
Malik Heath,124173,WR,GB,3,12.0,0,0.0,0.0,0,3,0,,0,0,12,0,,,51.2,,51.5,4.5,1,0,0,0.0,0,22,0,0,95.5,21,18.2,4,39.6,4,0,77.3,17,0,0,,,0.0
Scott Miller,47481,WR,ATL,6,0.8,1,75.0,50.0,1,2,0,0.0,0,0,2,0,70.5,68.2,52.2,,50.4,0.0,0,0,7,0.0,0,54,0,3,96.3,52,50.0,27,79.2,4,0,50.0,27,14,18,6.0,4.7,0.27
Blake Bell,9550,TE,KC,6,4.0,0,66.7,,0,0,0,0.0,0,1,16,0,68.3,64.0,49.3,40.3,49.0,79.5,35,0,8,27.3,12,44,0,2,63.6,28,13.6,6,113.9,3,1,4.5,2,12,8,4.0,6.0,0.43
Drew Sample,47259,TE,CIN,6,-2.0,1,100.0,100.0,1,1,0,0.0,0,0,7,0,72.1,67.0,57.6,84.8,44.9,61.4,43,0,7,31.4,22,70,0,3,67.1,47,4.3,3,80.6,3,0,11.4,8,10,16,5.3,3.3,0.21
Geoff Swaim,9679,TE,ARZ,6,2.0,0,66.7,,0,0,0,33.3,1,2,1,0,36.2,65.8,57.4,73.8,63.6,90.6,48,0,11,47.2,25,53,0,2,49.1,26,1.9,1,88.2,3,0,7.5,4,22,12,6.0,11.0,0.85
Brycen Hopkins,47338,TE,LA,6,4.0,1,66.7,,0,0,0,0.0,0,1,26,0,68.3,64.0,63.5,50.8,68.5,65.2,15,0,21,13.0,3,23,1,2,87.0,20,13.0,3,93.8,3,0,17.4,4,26,16,8.0,13.0,1.3
Keaontay Ingram,77761,HB,ARZ,4,-3.0,1,100.0,,0,0,0,0.0,0,1,1,0,70.5,78.1,72.8,81.8,61.2,0.0,0,0,9,25.0,6,24,0,3,66.7,16,12.5,3,93.1,3,0,20.8,5,19,28,9.3,6.3,1.19
Tank Bigsby,123974,HB,JAX,6,0.0,1,33.3,,0,0,1,66.7,2,0,15,1,26.4,25.7,49.3,29.9,24.3,0.0,0,1,6,30.0,12,40,1,1,65.0,26,5.0,2,2.8,3,0,7.5,3,6,5,5.0,6.0,0.23
Cedric Tillman,84434,WR,CLV,4,17.3,0,33.3,,0,0,0,0.0,0,1,8,0,64.7,61.2,60.9,,60.5,0.0,0,1,5,0.0,0,19,0,1,100.0,19,36.8,7,2.8,3,0,63.2,12,5,1,1.0,5.0,0.26
Kyle Philips,84463,WR,TEN,2,11.3,0,33.3,,0,0,0,0.0,0,0,31,0,64.7,71.7,49.5,,50.0,2.7,1,0,6,0.0,0,37,0,1,86.5,32,78.4,29,42.4,3,0,18.9,7,6,1,1.0,6.0,0.19
Trey Sermon,57372,HB,IND,4,0.0,0,33.3,,0,0,0,66.7,2,0,14,0,26.4,72.5,39.3,72.6,27.7,0.0,0,0,4,25.0,7,28,0,1,71.4,20,3.6,1,42.4,3,0,7.1,2,4,2,2.0,4.0,0.2
Gus Edwards,46027,HB,BLT,6,-1.0,0,100.0,,0,0,0,0.0,0,1,3,0,70.5,85.3,64.7,74.1,53.1,0.0,0,0,12,23.7,22,93,1,3,75.3,70,1.1,1,84.7,3,0,2.2,2,13,16,5.3,4.3,0.19
Teagan Quitoriano,84036,TE,HST,6,5.0,1,66.7,,0,0,0,0.0,0,2,13,0,68.3,64.0,64.6,57.4,66.5,91.7,44,0,22,50.0,24,48,0,2,45.8,22,2.1,1,103.5,3,0,6.3,3,33,18,9.0,16.5,1.5
Richie James,28991,WR,KC,2,15.0,0,33.3,0.0,0,1,0,0.0,0,0,16,0,64.7,76.2,51.0,,52.1,0.0,0,0,6,0.0,0,21,0,1,100.0,21,33.3,7,42.4,3,0,66.7,14,6,2,2.0,6.0,0.29
Jack Stoll,42058,TE,PHI,6,4.7,0,66.7,,0,0,0,33.3,1,0,24,0,29.9,64.0,40.6,37.2,35.2,80.4,45,0,6,16.1,9,56,1,2,78.6,44,14.3,8,71.5,3,0,5.4,3,10,2,1.0,5.0,0.23
Darnell Washington,124044,TE,PIT,5,1.7,0,33.3,0.0,0,1,0,0.0,0,1,25,0,64.7,61.2,46.3,76.6,47.3,88.4,61,0,10,17.4,12,69,0,1,81.2,56,10.1,7,43.8,3,0,1.4,1,10,9,9.0,10.0,0.18
Kenyan Drake,10707,HB,BLT,2,-1.7,1,66.7,,0,0,0,0.0,0,0,3,1,68.3,14.1,44.4,,28.4,0.0,0,0,24,0.0,0,9,0,2,100.0,9,0.0,0,100.7,3,0,0.0,0,31,36,18.0,15.5,3.44
D'Ernest Johnson,45734,HB,JAX,4,1.3,0,100.0,,0,0,0,0.0,0,2,15,0,70.5,73.4,66.6,75.8,77.3,0.0,0,0,9,12.5,2,16,0,3,87.5,14,0.0,0,87.5,3,0,12.5,2,15,11,3.7,5.0,1.07
Zamir White,83665,HB,LV,5,2.0,0,100.0,100.0,1,1,0,0.0,0,0,23,0,70.5,22.2,54.1,,64.0,0.0,0,0,5,0.0,0,12,0,3,91.7,11,0.0,0,83.3,3,0,0.0,0,12,6,2.0,4.0,1.09
Pharaoh Brown,12247,TE,NE,6,8.7,2,100.0,,0,0,0,0.0,0,3,19,0,70.5,65.8,81.8,76.5,78.9,81.8,27,0,58,21.2,7,33,0,3,75.8,25,3.0,1,158.3,3,1,9.1,3,86,60,20.0,28.7,3.44
Andrei Iosivas,109811,WR,CIN,5,11.0,0,66.7,,0,0,0,0.0,0,1,7,0,68.3,64.0,57.6,,60.5,0.0,0,0,9,0.0,0,33,0,2,93.9,31,18.2,6,113.9,3,1,81.8,27,12,-2,-1.0,6.0,0.39
Chase Brown,77787,HB,CIN,4,-1.7,0,100.0,,0,0,0,0.0,0,0,7,0,70.5,68.7,52.7,,61.7,0.0,0,0,8,0.0,0,6,0,3,100.0,6,16.7,1,79.2,3,0,33.3,2,7,12,4.0,2.3,1.17
Joshua Kelley,13750,HB,LAC,4,2.3,0,33.3,0.0,0,1,0,50.0,1,0,27,0,28.8,83.8,53.1,28.7,37.9,0.0,0,0,5,35.7,41,115,0,1,59.1,68,7.0,8,42.4,3,0,3.5,4,5,6,6.0,5.0,0.07
Melvin Gordon III,9448,HB,BLT,2,5.3,1,100.0,,0,0,0,0.0,0,3,3,0,72.1,75.6,69.9,36.9,87.0,0.0,0,0,23,23.8,5,21,0,3,71.4,15,0.0,0,118.8,3,0,4.8,1,46,30,10.0,15.3,3.07
Alec Ingold,34934,FB,MIA,6,9.3,0,100.0,,0,0,0,0.0,0,3,17,0,70.5,68.7,54.8,78.3,59.4,28.0,21,0,23,20.0,15,75,0,3,77.3,58,28.0,21,118.8,3,0,18.7,14,57,29,9.7,19.0,0.98
Mitchell Wilcox,47234,TE,CIN,6,1.7,0,100.0,,0,0,0,0.0,0,0,7,0,70.5,67.9,46.9,74.0,45.0,86.5,32,0,7,10.8,4,37,0,3,83.8,31,5.4,2,90.3,3,0,8.1,3,17,12,4.0,5.7,0.55
Lawrence Cager,34914,TE,NYG,3,1.0,0,100.0,,0,0,0,0.0,0,1,21,0,68.3,64.0,54.7,70.2,53.7,45.0,9,0,9,5.0,1,20,0,2,65.0,13,30.0,6,102.1,2,0,15.0,3,17,15,7.5,8.5,1.31
Jordan Mason,62946,HB,SF,3,6.0,0,50.0,,0,0,0,0.0,0,1,28,0,64.7,77.5,86.6,16.7,66.0,0.0,0,0,13,7.1,1,14,0,1,92.9,13,0.0,0,70.8,2,0,0.0,0,13,5,5.0,13.0,1.0
JaMycal Hasty,25582,HB,JAX,2,14.0,0,0.0,,0,0,0,,0,0,15,0,,,58.9,,57.6,0.0,0,0,0,0.0,0,3,0,0,100.0,3,0.0,0,39.6,2,0,33.3,1,0,0,,,0.0
Cordarrelle Patterson,7810,HB,ATL,3,3.5,0,100.0,,0,0,0,0.0,0,1,2,0,68.3,69.8,61.2,,65.9,0.0,0,0,7,0.0,0,15,0,2,100.0,15,20.0,3,93.8,2,0,40.0,6,13,6,3.0,6.5,0.87
David Wells,34985,TE,TB,4,0.0,1,100.0,,0,0,0,0.0,0,1,30,1,68.3,13.3,46.5,78.9,37.8,60.0,9,0,1,26.7,4,15,0,2,73.3,11,13.3,2,79.2,2,0,13.3,2,-10,-10,-5.0,-5.0,-0.91
Rakim Jarrett,129519,WR,TB,5,0.5,0,100.0,,0,0,0,0.0,0,0,30,0,68.3,66.2,49.8,,54.5,0.0,0,0,7,0.0,0,20,0,2,100.0,20,30.0,6,87.5,2,0,70.0,14,10,9,4.5,5.0,0.5
Damien Harris,35134,HB,BUF,5,0.0,0,100.0,,0,0,0,0.0,0,0,4,0,68.3,78.8,76.5,85.3,57.3,0.0,0,0,13,33.3,9,27,0,2,55.6,15,11.1,3,100.0,2,0,3.7,1,16,16,8.0,8.0,1.07
Adam Prentice,35639,FB,NO,5,2.5,0,50.0,,0,0,1,50.0,1,0,20,0,28.8,13.3,36.5,17.2,34.8,3.6,1,0,5,3.6,1,28,1,1,96.4,27,0.0,0,56.3,2,0,7.1,2,5,6,6.0,5.0,0.19
Boston Scott,39462,HB,PHI,3,2.0,0,100.0,,0,0,0,0.0,0,1,24,0,68.3,72.9,82.2,74.3,65.3,0.0,0,0,14,16.7,2,12,0,2,83.3,10,8.3,1,110.4,2,0,8.3,1,21,17,8.5,10.5,2.1
Amari Rodgers,61212,WR,IND,2,19.5,0,0.0,,0,0,0,100.0,1,0,14,0,27.9,,44.0,,45.2,0.0,0,0,0,0.0,0,21,0,0,100.0,21,14.3,3,39.6,2,0,85.7,18,0,0,,,0.0
Ko Kieft,41372,TE,TB,5,20.5,0,0.0,0.0,0,1,0,,0,0,30,0,,,53.9,73.7,39.6,67.6,25,0,0,32.4,12,37,0,0,67.6,25,10.8,4,39.6,2,0,10.8,4,0,0,,,0.0
Jamaal Williams,11889,HB,NO,2,-2.5,0,100.0,,0,0,0,0.0,0,0,20,0,68.3,28.3,50.9,59.1,55.2,0.0,0,0,5,12.1,4,33,0,2,87.9,29,0.0,0,81.3,2,0,0.0,0,7,12,6.0,3.5,0.24
Peyton Hendershot,60915,TE,DAL,3,10.0,0,50.0,,0,0,0,50.0,1,0,9,0,28.8,64.6,41.0,80.3,39.9,41.3,19,0,3,13.0,6,46,0,1,84.8,39,52.2,24,56.3,2,0,2.2,1,3,1,1.0,3.0,0.08
Ke'Shawn Vaughn,45866,HB,TB,2,1.5,0,50.0,50.0,1,2,0,0.0,0,0,30,0,64.7,76.0,57.7,73.4,55.3,0.0,0,0,3,7.7,1,13,0,1,84.6,11,7.7,1,56.3,2,0,0.0,0,3,1,1.0,3.0,0.27
Trevon Wesco,42018,TE,TEN,6,6.0,0,50.0,,0,0,0,50.0,1,1,31,0,28.8,61.2,46.2,64.0,44.4,91.8,56,0,21,62.3,38,61,2,1,36.1,22,6.6,4,87.5,2,0,1.6,1,21,13,13.0,21.0,0.95
Stone Smartt,60492,TE,LAC,4,18.0,0,50.0,,0,0,0,0.0,0,1,27,0,64.7,61.2,45.7,31.7,60.6,54.3,19,0,24,11.4,4,35,1,1,85.7,30,20.0,7,93.8,2,0,20.0,7,24,3,3.0,24.0,0.8
Equanimeous St. Brown,47967,WR,CHI,2,8.5,0,50.0,,0,0,0,0.0,0,1,6,0,64.7,61.2,59.7,,60.7,2.8,1,0,21,0.0,0,36,0,1,97.2,35,11.1,4,87.5,2,0,86.1,31,21,1,1.0,21.0,0.6
Robbie Chosen,11254,WR,MIA,4,31.5,0,50.0,,0,0,0,0.0,0,1,17,0,64.7,61.2,60.1,,62.3,0.0,0,1,68,0.0,0,38,0,1,92.1,35,13.2,5,95.8,2,1,86.8,33,68,26,26.0,68.0,1.94
Elijah Dotson,57394,HB,LAC,2,-1.5,0,100.0,,0,0,0,0.0,0,0,27,0,68.3,70.0,54.8,,62.7,0.0,0,0,7,0.0,0,5,0,2,100.0,5,0.0,0,93.8,2,0,20.0,1,13,16,8.0,6.5,2.6
Jimmy Graham,5619,TE,NO,6,7.5,0,50.0,100.0,1,1,0,0.0,0,1,20,0,64.7,61.2,50.8,27.0,51.1,26.7,16,0,8,5.0,3,60,1,1,88.3,53,53.3,32,100.0,2,1,20.0,12,8,0,0.0,8.0,0.15
Chris Manhertz,10211,TE,DEN,6,8.0,0,50.0,0.0,0,1,0,0.0,0,1,10,0,64.7,61.2,53.2,55.1,53.5,75.0,39,0,10,48.1,25,52,1,1,48.1,25,13.5,7,64.6,2,0,5.8,3,10,7,7.0,10.0,0.4
J.K. Dobbins,57366,HB,BLT,1,0.0,1,100.0,,0,0,0,0.0,0,0,3,0,70.5,73.2,53.5,48.2,65.9,0.0,0,0,10,11.1,2,18,0,2,77.8,14,5.6,1,97.9,2,0,5.6,1,15,15,7.5,7.5,1.07
Anthony McFarland Jr.,57289,HB,PIT,1,1.0,0,100.0,,0,0,0,0.0,0,1,25,0,68.3,70.2,66.8,68.5,73.9,0.0,0,0,6,20.0,1,5,0,2,80.0,4,0.0,0,89.6,2,0,20.0,1,11,9,4.5,5.5,2.75
Isaiah Spiller,99146,HB,LAC,3,-1.0,2,100.0,,0,0,0,0.0,0,1,27,0,68.3,72.9,56.2,25.7,67.7,0.0,0,0,10,33.3,9,27,0,2,63.0,17,0.0,0,97.9,2,0,7.4,2,15,17,8.5,7.5,0.88
Jamison Crowder,9538,WR,WAS,2,8.5,0,100.0,100.0,1,1,0,0.0,0,2,32,0,68.3,78.7,80.7,,77.2,0.0,0,0,11,0.0,0,9,0,2,100.0,9,100.0,9,110.4,2,0,0.0,0,21,4,2.0,10.5,2.33
Charlie Jones,55038,WR,CIN,1,3.0,0,50.0,,0,0,0,50.0,1,1,7,0,28.9,77.0,58.6,,58.8,0.0,0,0,6,0.0,0,3,0,1,100.0,3,66.7,2,56.3,2,0,33.3,1,6,7,7.0,6.0,2.0
Mecole Hardman Jr.,42683,WR,NYJ,4,6.0,0,50.0,,0,0,0,0.0,0,0,22,0,64.7,61.2,51.9,,52.2,0.0,0,0,6,0.0,0,24,0,1,87.5,21,62.5,15,56.3,2,0,37.5,9,6,1,1.0,6.0,0.29
Patrick Ricard,48862,FB,BLT,6,1.5,0,100.0,,0,0,0,0.0,0,1,3,0,68.3,64.0,68.2,76.4,53.7,75.6,34,0,14,33.3,15,45,1,2,62.2,28,6.7,3,102.1,2,0,4.4,2,17,14,7.0,8.5,0.61
Tucker Kraft,104034,TE,GB,5,-1.0,0,100.0,,0,0,0,0.0,0,0,12,0,68.3,64.0,41.9,76.6,46.7,90.0,27,0,6,23.3,7,30,1,2,73.3,22,10.0,3,79.2,2,0,0.0,0,5,7,3.5,2.5,0.23
Khari Blasingame,44889,FB,CHI,6,1.5,0,50.0,,0,0,0,0.0,0,0,6,0,64.7,72.5,62.0,33.7,53.3,6.9,2,0,1,27.6,8,29,0,1,69.0,20,6.9,2,56.3,2,0,24.1,7,1,1,1.0,1.0,0.05
Xavier Hutchinson,122518,WR,HST,4,10.5,0,50.0,0.0,0,1,0,0.0,0,1,13,0,64.7,66.7,51.7,,51.2,0.0,0,0,9,0.0,0,32,0,1,100.0,32,53.1,17,62.5,2,0,46.9,15,9,2,2.0,9.0,0.28
Miles Boykin,48209,WR,PIT,5,5.0,0,50.0,0.0,0,1,0,0.0,0,0,25,0,64.7,61.2,55.0,,55.3,0.0,0,0,5,0.0,0,15,0,1,93.3,14,0.0,0,56.3,2,0,100.0,15,5,0,0.0,5.0,0.36
Sean Tucker,123056,HB,TB,3,-1.0,0,100.0,,0,0,0,0.0,0,0,30,0,68.3,76.2,55.8,73.0,59.6,0.0,0,0,6,6.7,1,15,0,2,86.7,13,6.7,1,85.4,2,0,0.0,0,9,11,5.5,4.5,0.69
Will Mallory,77888,TE,IND,2,13.5,0,100.0,100.0,1,1,0,0.0,0,2,14,0,68.3,64.0,72.2,,71.5,37.5,6,0,43,0.0,0,16,0,2,100.0,16,50.0,8,118.8,2,0,12.5,2,49,22,11.0,24.5,3.06
Jakob Johnson,32565,FB,LV,6,2.5,1,50.0,,0,0,0,50.0,1,0,23,0,28.8,61.2,52.8,81.3,49.1,16.2,6,0,12,24.3,9,37,0,1,73.0,27,0.0,0,68.8,2,0,18.9,7,12,11,11.0,12.0,0.44
Tyquan Thornton,78092,WR,NE,1,26.0,0,50.0,100.0,1,1,0,0.0,0,0,19,0,64.7,61.2,53.2,,53.4,0.0,0,0,6,0.0,0,19,0,1,94.7,18,21.1,4,56.3,2,0,78.9,15,6,-1,-1.0,6.0,0.33
Eric Gray,99143,HB,NYG,1,-6.0,0,100.0,,0,0,0,0.0,0,0,21,0,64.7,29.4,54.5,73.4,55.0,0.0,0,0,1,6.3,1,16,0,1,93.8,15,6.3,1,79.2,1,0,6.3,1,1,7,7.0,1.0,0.07
Ben Sims,77918,TE,GB,4,0.0,1,100.0,,0,0,0,0.0,0,1,12,0,64.7,61.2,68.9,55.7,75.3,72.7,8,0,12,45.5,5,11,0,1,45.5,5,0.0,0,116.7,1,0,18.2,2,12,12,12.0,12.0,2.4
Velus Jones Jr.,40573,WR,CHI,4,5.0,0,100.0,,0,0,0,0.0,0,0,6,0,64.7,72.7,61.0,,57.0,0.0,0,0,5,0.0,0,7,0,1,100.0,7,14.3,1,87.5,1,0,85.7,6,5,0,0.0,5.0,0.71
Kwamie Lassiter II,23226,WR,CIN,1,-2.0,0,100.0,,0,0,0,0.0,0,0,7,0,64.7,61.2,58.4,,60.1,0.0,0,0,2,0.0,0,2,0,1,100.0,2,0.0,0,79.2,1,0,100.0,2,2,4,4.0,2.0,1.0
Desmond Ridder,55086,QB,ATL,6,-7.0,0,100.0,,0,0,0,0.0,0,0,2,3,,47.3,46.8,61.3,,0.0,0,0,-6,0.4,1,247,3,1,0.0,0,0.0,0,79.2,1,0,0.0,0,-6,1,1.0,-6.0,
Antoine Green,77985,WR,DET,4,1.0,0,100.0,,0,0,0,0.0,0,0,11,0,64.7,61.2,53.7,,53.6,0.0,0,0,2,0.0,0,20,0,1,95.0,19,50.0,10,79.2,1,0,50.0,10,2,1,1.0,2.0,0.11
Donovan Smith,9467,T,KC,6,0.0,0,100.0,,0,0,2,0.0,0,0,16,0,67.6,62.3,56.3,64.0,66.9,0.0,0,0,0,100.0,269,269,4,1,0.0,0,0.0,0,79.2,1,0,0.0,0,0,0,0.0,0.0,
Phillip Dorsett,9462,WR,DEN,1,22.0,0,0.0,,0,0,0,,0,0,10,0,,,41.5,,44.9,0.0,0,0,0,0.0,0,5,0,0,100.0,5,40.0,2,39.6,1,0,60.0,3,0,0,,,0.0
Quintin Morris,61182,TE,BUF,6,15.0,0,100.0,100.0,1,1,0,0.0,0,1,4,0,28.8,61.2,67.4,68.0,57.9,48.1,13,0,15,22.2,6,27,0,1,66.7,18,18.5,5,158.3,1,1,33.3,9,15,0,0.0,15.0,0.83
Lynn Bowden,61361,WR,NO,3,9.0,0,0.0,,0,0,0,100.0,1,0,20,0,27.9,,39.5,,44.0,0.0,0,0,0,0.0,0,14,0,0,100.0,14,21.4,3,39.6,1,0,78.6,11,0,0,,,0.0
C.J. Stroud,129759,QB,HST,6,-1.0,0,100.0,,0,0,0,0.0,0,0,13,4,,62.3,73.3,61.3,,0.0,0,0,0,0.4,1,251,1,1,0.0,0,0.0,0,79.2,1,0,0.0,0,0,1,1.0,0.0,
Marcedes Lewis,2973,TE,CHI,5,-2.0,0,100.0,,0,0,0,0.0,0,0,6,0,64.7,61.2,75.8,79.6,77.0,100.0,28,0,8,75.0,21,28,1,1,25.0,7,0.0,0,100.0,1,0,0.0,0,8,10,10.0,8.0,1.14
Keith Smith,9302,FB,ATL,6,20.0,0,100.0,,0,0,0,0.0,0,1,2,0,64.7,61.2,54.0,86.4,60.1,6.7,2,0,28,50.0,15,30,0,1,36.7,11,10.0,3,118.8,1,0,10.0,3,28,8,8.0,28.0,2.55
Pierre Strong Jr.,66619,HB,CLV,4,5.0,0,0.0,0.0,0,1,0,100.0,1,0,8,0,28.0,75.3,69.1,79.1,36.3,16.7,3,0,0,27.8,5,18,0,0,61.1,11,5.6,1,39.6,1,0,16.7,3,0,0,,,0.0
Xavier Gipson,104136,WR,NYJ,3,0.0,0,100.0,,0,0,0,0.0,0,0,22,0,64.7,24.1,48.6,,53.1,0.0,0,0,4,0.0,0,18,0,1,88.9,16,38.9,7,83.3,1,0,55.6,10,4,4,4.0,4.0,0.25
Damien Williams,9205,HB,ARZ,1,1.0,1,100.0,,0,0,0,0.0,0,0,1,0,64.7,72.5,74.3,76.4,76.9,0.0,0,0,8,25.0,1,4,0,1,75.0,3,0.0,0,100.0,1,0,0.0,0,8,7,7.0,8.0,2.67
Willie Snead IV,8999,WR,SF,1,6.0,0,100.0,,0,0,0,0.0,0,0,28,0,64.7,61.2,79.0,,77.2,0.0,0,0,9,0.0,0,2,0,1,100.0,2,0.0,0,104.2,1,0,100.0,2,9,3,3.0,9.0,4.5
Johnny Mundt,12206,TE,MIN,5,3.0,1,100.0,,0,0,0,0.0,0,1,18,0,68.3,64.0,63.6,73.6,62.8,72.2,13,0,11,16.7,3,18,0,1,72.2,13,11.1,2,112.5,1,0,16.7,3,11,8,8.0,11.0,0.85
Rashaad Penny,27414,HB,PHI,1,-1.0,0,100.0,,0,0,0,0.0,0,0,24,0,64.7,68.2,52.8,16.9,63.4,0.0,0,0,5,40.0,2,5,1,1,60.0,3,0.0,0,87.5,1,0,0.0,0,5,6,6.0,5.0,1.67
Ben Bredeson,27305,C,NYG,5,4.0,0,100.0,,0,0,0,0.0,0,0,21,0,67.6,,42.3,47.4,63.2,0.0,0,0,0,100.0,214,214,3,1,0.0,0,0.0,0,79.2,1,0,0.0,0,0,-4,-4.0,0.0,
Andrew Beck,47121,FB,HST,6,4.0,0,0.0,,0,0,0,,0,0,13,0,64.7,68.6,55.1,83.1,45.0,43.9,25,0,0,24.6,14,57,0,0,70.2,40,12.3,7,39.6,1,0,10.5,6,0,0,,,0.0
Colton Dowell,63721,WR,TEN,2,39.0,0,0.0,,0,0,0,,0,0,31,0,,,53.2,,55.7,0.0,0,1,0,0.0,0,8,0,0,100.0,8,0.0,0,0.0,1,0,100.0,8,0,0,,,0.0
Jake Funk,45835,HB,IND,1,0.0,0,100.0,,0,0,0,0.0,0,1,14,0,64.7,66.7,63.5,36.0,66.5,0.0,0,0,12,18.2,2,11,0,1,72.7,8,9.1,1,116.7,1,0,0.0,0,12,12,12.0,12.0,1.5
Cody Thompson,48152,WR,SEA,5,7.0,0,100.0,,0,0,0,0.0,0,0,29,0,64.7,61.2,56.0,,55.8,0.0,0,0,10,0.0,0,6,0,1,100.0,6,16.7,1,108.3,1,0,83.3,5,10,3,3.0,10.0,1.67
Devine Ozigbo,45903,HB,DET,1,2.0,1,100.0,,0,0,0,0.0,0,0,11,0,64.7,68.2,66.0,,80.1,0.0,0,0,8,0.0,0,2,0,1,100.0,2,0.0,0,100.0,1,0,0.0,0,8,6,6.0,8.0,4.0
Gunner Olszewski,95015,WR,PIT,2,-1.0,0,100.0,,0,0,0,0.0,0,0,25,1,64.7,9.8,28.1,,29.9,0.0,0,0,0,0.0,0,3,0,1,100.0,3,33.3,1,79.2,1,0,66.7,2,0,1,1.0,0.0,0.0
Geno Smith,7820,QB,SEA,5,8.0,0,100.0,,0,0,0,0.0,0,0,29,0,,90.0,77.6,,,0.0,0,0,-2,0.0,0,198,2,1,0.0,0,0.0,0,79.2,1,0,0.5,1,-2,-10,-10.0,-2.0,
Erik Ezukanma,78148,WR,MIA,2,6.0,0,0.0,,0,0,0,,0,0,17,0,,68.6,60.3,,55.5,0.0,0,0,0,0.0,0,14,0,0,92.9,13,35.7,5,39.6,1,0,50.0,7,0,0,,,0.0
Raheem Blackshear,57385,HB,CAR,1,-1.0,0,100.0,,0,0,0,0.0,0,0,5,0,64.7,71.5,64.3,,58.8,0.0,0,0,4,0.0,0,6,0,1,100.0,6,0.0,0,83.3,1,0,16.7,1,4,5,5.0,4.0,0.67
Emanuel Wilson,154173,HB,GB,2,1.0,0,100.0,,0,0,0,0.0,0,0,12,0,64.7,71.9,58.5,,52.8,0.0,0,0,6,0.0,0,6,0,1,83.3,5,0.0,0,91.7,1,0,33.3,2,6,5,5.0,6.0,1.2
Hunter Luepke,91319,FB,DAL,5,3.0,1,100.0,,0,0,0,0.0,0,1,9,0,64.7,69.8,65.2,68.5,62.4,7.7,1,0,12,7.7,1,13,0,1,84.6,11,0.0,0,116.7,1,0,0.0,0,12,9,9.0,12.0,1.09
Evan Hull,97302,HB,IND,1,2.0,0,100.0,,0,0,0,0.0,0,0,14,0,68.3,66.2,65.7,,64.6,0.0,0,0,6,0.0,0,6,0,1,83.3,5,0.0,0,91.7,1,0,0.0,0,6,4,4.0,6.0,1.2
Julian Hill,88685,TE,MIA,4,7.0,0,0.0,,0,0,0,,0,0,17,0,,,43.7,63.7,43.5,51.3,20,0,0,15.4,6,39,1,0,74.4,29,41.0,16,39.6,1,0,7.7,3,0,0,,,0.0
Charlie Kolar,60917,TE,BLT,2,12.0,0,0.0,0.0,0,1,0,100.0,1,0,3,0,27.9,,43.3,72.5,29.8,57.1,4,0,0,28.6,2,7,0,0,71.4,5,28.6,2,39.6,1,0,0.0,0,0,0,,,0.0
Zonovan Knight,97432,HB,DET,2,-5.0,0,100.0,,0,0,0,0.0,0,0,11,0,64.7,70.7,62.1,76.7,62.6,0.0,0,0,8,20.0,1,5,0,1,80.0,4,0.0,0,100.0,1,0,0.0,0,8,13,13.0,8.0,2.0
Payne Durham,84037,TE,TB,1,3.0,0,100.0,,0,0,0,0.0,0,1,30,0,64.7,61.2,90.4,70.2,76.8,50.0,2,0,8,25.0,1,4,0,1,75.0,3,50.0,2,100.0,1,0,0.0,0,8,5,5.0,8.0,2.67
Giovanni Ricci,13756,TE,CAR,2,-1.0,0,100.0,,0,0,0,0.0,0,0,5,0,64.7,61.2,50.9,70.2,58.2,16.7,1,0,2,16.7,1,6,0,1,83.3,5,50.0,3,79.2,1,0,0.0,0,2,3,3.0,2.0,0.4
Reggie Gilliam,40951,FB,BUF,6,1.0,0,100.0,,0,0,0,0.0,0,0,4,0,64.7,61.2,61.4,40.2,52.8,18.8,3,0,3,25.0,4,16,1,1,75.0,12,50.0,8,79.2,1,0,0.0,0,3,2,2.0,3.0,0.25
Trent Taylor,11932,WR,CHI,3,4.0,0,0.0,0.0,0,1,0,,0,0,6,0,,78.5,51.0,,51.5,0.0,0,0,0,0.0,0,24,0,0,95.8,23,75.0,18,39.6,1,0,25.0,6,0,0,,,0.0
Chris Evans,27303,HB,CIN,3,-2.0,0,100.0,,0,0,0,0.0,0,0,7,0,64.7,70.1,54.7,13.6,55.8,0.0,0,0,-1,25.0,2,8,0,1,75.0,6,12.5,1,79.2,1,0,25.0,2,-1,1,1.0,-1.0,-0.17
Michael Burton,9601,FB,DEN,6,3.0,0,100.0,100.0,1,1,0,0.0,0,1,10,0,64.7,69.4,67.9,82.2,52.9,14.8,4,0,3,25.9,7,27,0,1,66.7,18,11.1,3,79.2,1,0,29.6,8,3,0,0.0,3.0,0.17
Greg Dortch,42237,WR,ARZ,3,42.0,0,0.0,,0,0,0,,0,0,1,0,,80.5,52.7,,53.3,0.0,0,0,0,0.0,0,15,0,0,100.0,15,80.0,12,39.6,1,0,20.0,3,0,0,,,0.0
Darrynton Evans,40692,HB,CHI,1,-2.0,0,100.0,,0,0,0,0.0,0,0,6,0,64.7,73.1,60.4,65.8,59.7,0.0,0,0,2,38.5,5,13,0,1,61.5,8,0.0,0,79.2,1,0,0.0,0,2,4,4.0,2.0,0.25
